{
	"BUILD_DIR" : "/Users/mikeyang/Documents/pdm/pdmQt/lib/framelesshelperBuild/src/widgets/FramelessHelperWidgets_autogen",
	"CMAKE_BINARY_DIR" : "/Users/mikeyang/Documents/pdm/pdmQt/lib/framelesshelperBuild",
	"CMAKE_CURRENT_BINARY_DIR" : "/Users/mikeyang/Documents/pdm/pdmQt/lib/framelesshelperBuild/src/widgets",
	"CMAKE_CURRENT_SOURCE_DIR" : "/Users/mikeyang/Documents/pdm/pdmQt/lib/framelesshelper/src/widgets",
	"CMAKE_EXECUTABLE" : "/opt/homebrew/Cellar/cmake/3.26.4/bin/cmake",
	"CMAKE_LIST_FILES" : 
	[
		"/Users/mikeyang/Documents/pdm/pdmQt/lib/framelesshelper/src/widgets/CMakeLists.txt",
		"/opt/homebrew/Cellar/cmake/3.26.4/share/cmake/Modules/GNUInstallDirs.cmake",
		"/opt/homebrew/Cellar/cmake/3.26.4/share/cmake/Modules/GNUInstallDirs.cmake",
		"/opt/homebrew/Cellar/cmake/3.26.4/share/cmake/Modules/GNUInstallDirs.cmake",
		"/opt/homebrew/Cellar/cmake/3.26.4/share/cmake/Modules/GNUInstallDirs.cmake"
	],
	"CMAKE_SOURCE_DIR" : "/Users/mikeyang/Documents/pdm/pdmQt/lib/framelesshelper",
	"DEP_FILE" : "/Users/mikeyang/Documents/pdm/pdmQt/lib/framelesshelperBuild/src/widgets/FramelessHelperWidgets_autogen/deps",
	"DEP_FILE_RULE_NAME" : "FramelessHelperWidgets_autogen/timestamp",
	"HEADERS" : 
	[
		[
			"/Users/mikeyang/Documents/pdm/pdmQt/lib/framelesshelper/include/FramelessHelper/Widgets/framelessdialog.h",
			"MU",
			"BVHDQGKGDY/moc_framelessdialog.cpp",
			null
		],
		[
			"/Users/mikeyang/Documents/pdm/pdmQt/lib/framelesshelper/include/FramelessHelper/Widgets/framelesshelperwidgets_global.h",
			"MU",
			"BVHDQGKGDY/moc_framelesshelperwidgets_global.cpp",
			null
		],
		[
			"/Users/mikeyang/Documents/pdm/pdmQt/lib/framelesshelper/include/FramelessHelper/Widgets/framelessmainwindow.h",
			"MU",
			"BVHDQGKGDY/moc_framelessmainwindow.cpp",
			null
		],
		[
			"/Users/mikeyang/Documents/pdm/pdmQt/lib/framelesshelper/include/FramelessHelper/Widgets/framelesswidget.h",
			"MU",
			"BVHDQGKGDY/moc_framelesswidget.cpp",
			null
		],
		[
			"/Users/mikeyang/Documents/pdm/pdmQt/lib/framelesshelper/include/FramelessHelper/Widgets/framelesswidgetshelper.h",
			"MU",
			"BVHDQGKGDY/moc_framelesswidgetshelper.cpp",
			null
		],
		[
			"/Users/mikeyang/Documents/pdm/pdmQt/lib/framelesshelper/include/FramelessHelper/Widgets/private/framelessdialog_p.h",
			"MU",
			"BQIZMKIJ4T/moc_framelessdialog_p.cpp",
			null
		],
		[
			"/Users/mikeyang/Documents/pdm/pdmQt/lib/framelesshelper/include/FramelessHelper/Widgets/private/framelessmainwindow_p.h",
			"MU",
			"BQIZMKIJ4T/moc_framelessmainwindow_p.cpp",
			null
		],
		[
			"/Users/mikeyang/Documents/pdm/pdmQt/lib/framelesshelper/include/FramelessHelper/Widgets/private/framelesswidget_p.h",
			"MU",
			"BQIZMKIJ4T/moc_framelesswidget_p.cpp",
			null
		],
		[
			"/Users/mikeyang/Documents/pdm/pdmQt/lib/framelesshelper/include/FramelessHelper/Widgets/private/framelesswidgetshelper_p.h",
			"MU",
			"BQIZMKIJ4T/moc_framelesswidgetshelper_p.cpp",
			null
		],
		[
			"/Users/mikeyang/Documents/pdm/pdmQt/lib/framelesshelper/include/FramelessHelper/Widgets/private/standardsystembutton_p.h",
			"MU",
			"BQIZMKIJ4T/moc_standardsystembutton_p.cpp",
			null
		],
		[
			"/Users/mikeyang/Documents/pdm/pdmQt/lib/framelesshelper/include/FramelessHelper/Widgets/private/standardtitlebar_p.h",
			"MU",
			"BQIZMKIJ4T/moc_standardtitlebar_p.cpp",
			null
		],
		[
			"/Users/mikeyang/Documents/pdm/pdmQt/lib/framelesshelper/include/FramelessHelper/Widgets/private/widgetssharedhelper_p.h",
			"MU",
			"BQIZMKIJ4T/moc_widgetssharedhelper_p.cpp",
			null
		],
		[
			"/Users/mikeyang/Documents/pdm/pdmQt/lib/framelesshelper/include/FramelessHelper/Widgets/standardsystembutton.h",
			"MU",
			"BVHDQGKGDY/moc_standardsystembutton.cpp",
			null
		],
		[
			"/Users/mikeyang/Documents/pdm/pdmQt/lib/framelesshelper/include/FramelessHelper/Widgets/standardtitlebar.h",
			"MU",
			"BVHDQGKGDY/moc_standardtitlebar.cpp",
			null
		],
		[
			"/Users/mikeyang/Documents/pdm/pdmQt/lib/framelesshelper/src/widgets/framelessdialog.h",
			"MU",
			"EWIEGA46WW/moc_framelessdialog.cpp",
			null
		],
		[
			"/Users/mikeyang/Documents/pdm/pdmQt/lib/framelesshelper/src/widgets/framelessdialog_p.h",
			"MU",
			"EWIEGA46WW/moc_framelessdialog_p.cpp",
			null
		],
		[
			"/Users/mikeyang/Documents/pdm/pdmQt/lib/framelesshelper/src/widgets/framelesshelperwidgets_global.h",
			"MU",
			"EWIEGA46WW/moc_framelesshelperwidgets_global.cpp",
			null
		],
		[
			"/Users/mikeyang/Documents/pdm/pdmQt/lib/framelesshelper/src/widgets/framelessmainwindow.h",
			"MU",
			"EWIEGA46WW/moc_framelessmainwindow.cpp",
			null
		],
		[
			"/Users/mikeyang/Documents/pdm/pdmQt/lib/framelesshelper/src/widgets/framelessmainwindow_p.h",
			"MU",
			"EWIEGA46WW/moc_framelessmainwindow_p.cpp",
			null
		],
		[
			"/Users/mikeyang/Documents/pdm/pdmQt/lib/framelesshelper/src/widgets/framelesswidget.h",
			"MU",
			"EWIEGA46WW/moc_framelesswidget.cpp",
			null
		],
		[
			"/Users/mikeyang/Documents/pdm/pdmQt/lib/framelesshelper/src/widgets/framelesswidget_p.h",
			"MU",
			"EWIEGA46WW/moc_framelesswidget_p.cpp",
			null
		],
		[
			"/Users/mikeyang/Documents/pdm/pdmQt/lib/framelesshelper/src/widgets/framelesswidgetshelper.h",
			"MU",
			"EWIEGA46WW/moc_framelesswidgetshelper.cpp",
			null
		],
		[
			"/Users/mikeyang/Documents/pdm/pdmQt/lib/framelesshelper/src/widgets/framelesswidgetshelper_p.h",
			"MU",
			"EWIEGA46WW/moc_framelesswidgetshelper_p.cpp",
			null
		],
		[
			"/Users/mikeyang/Documents/pdm/pdmQt/lib/framelesshelper/src/widgets/standardsystembutton.h",
			"MU",
			"EWIEGA46WW/moc_standardsystembutton.cpp",
			null
		],
		[
			"/Users/mikeyang/Documents/pdm/pdmQt/lib/framelesshelper/src/widgets/standardsystembutton_p.h",
			"MU",
			"EWIEGA46WW/moc_standardsystembutton_p.cpp",
			null
		],
		[
			"/Users/mikeyang/Documents/pdm/pdmQt/lib/framelesshelper/src/widgets/standardtitlebar.h",
			"MU",
			"EWIEGA46WW/moc_standardtitlebar.cpp",
			null
		],
		[
			"/Users/mikeyang/Documents/pdm/pdmQt/lib/framelesshelper/src/widgets/standardtitlebar_p.h",
			"MU",
			"EWIEGA46WW/moc_standardtitlebar_p.cpp",
			null
		],
		[
			"/Users/mikeyang/Documents/pdm/pdmQt/lib/framelesshelper/src/widgets/widgetssharedhelper_p.h",
			"MU",
			"EWIEGA46WW/moc_widgetssharedhelper_p.cpp",
			null
		]
	],
	"HEADER_EXTENSIONS" : [ "h", "hh", "h++", "hm", "hpp", "hxx", "in", "txx" ],
	"INCLUDE_DIR" : "/Users/mikeyang/Documents/pdm/pdmQt/lib/framelesshelperBuild/src/widgets/FramelessHelperWidgets_autogen/include",
	"MOC_COMPILATION_FILE" : "/Users/mikeyang/Documents/pdm/pdmQt/lib/framelesshelperBuild/src/widgets/FramelessHelperWidgets_autogen/mocs_compilation.cpp",
	"MOC_DEFINITIONS" : 
	[
		"FRAMELESSHELPER_WIDGETS_LIBRARY",
		"FRAMELESSHELPER_WIDGETS_NO_DEBUG_OUTPUT",
		"FramelessHelperWidgets_EXPORTS",
		"QT_CORE_LIB",
		"QT_DEPRECATED_WARNINGS",
		"QT_DEPRECATED_WARNINGS_SINCE=0x070000",
		"QT_DISABLE_DEPRECATED_BEFORE=0x070000",
		"QT_DISABLE_DEPRECATED_UP_TO=0x070000",
		"QT_EXPLICIT_QFILE_CONSTRUCTION_FROM_PATH",
		"QT_GUI_LIB",
		"QT_NO_AS_CONST",
		"QT_NO_CAST_FROM_ASCII",
		"QT_NO_CAST_FROM_BYTEARRAY",
		"QT_NO_CAST_TO_ASCII",
		"QT_NO_CONTEXTLESS_CONNECT",
		"QT_NO_DEBUG",
		"QT_NO_FOREACH",
		"QT_NO_JAVA_STYLE_ITERATORS",
		"QT_NO_KEYWORDS",
		"QT_NO_NARROWING_CONVERSIONS_IN_CONNECT",
		"QT_NO_QEXCHANGE",
		"QT_NO_URL_CAST_FROM_STRING",
		"QT_NO_USING_NAMESPACE",
		"QT_STRICT_ITERATORS",
		"QT_USE_FAST_OPERATOR_PLUS",
		"QT_USE_QSTRINGBUILDER",
		"QT_WARN_DEPRECATED_UP_TO=0x070000",
		"QT_WIDGETS_LIB"
	],
	"MOC_DEPEND_FILTERS" : 
	[
		[
			"Q_PLUGIN_METADATA",
			"[\n][ \t]*Q_PLUGIN_METADATA[ \t]*\\([^\\)]*FILE[ \t]*\"([^\"]+)\""
		]
	],
	"MOC_INCLUDES" : 
	[
		"/Users/mikeyang/Documents/pdm/pdmQt/lib/framelesshelperBuild/src/widgets",
		"/Users/mikeyang/Documents/pdm/pdmQt/lib/framelesshelper/src/widgets",
		"/Users/mikeyang/Documents/pdm/pdmQt/lib/framelesshelper/include",
		"/Users/mikeyang/Documents/pdm/pdmQt/lib/framelesshelper/include/FramelessHelper/Widgets",
		"/Users/mikeyang/Documents/pdm/pdmQt/lib/framelesshelper/include/FramelessHelper/Widgets/private",
		"/Users/mikeyang/Documents/pdm/pdmQt/lib/framelesshelper/include",
		"/Users/mikeyang/Documents/pdm/pdmQt/lib/framelesshelper/include/FramelessHelper/Core",
		"/Users/mikeyang/Documents/pdm/pdmQt/lib/framelesshelper/include/FramelessHelper/Core/private",
		"/Users/mikeyang/Documents/pdm/pdmQt/lib/framelesshelperBuild/src/core",
		"/Users/mikeyang/Qt/6.5.1/macos/lib/QtWidgets.framework/Headers",
		"/Users/mikeyang/Qt/6.5.1/macos/lib/QtWidgets.framework",
		"/Users/mikeyang/Qt/6.5.1/macos/lib/QtCore.framework/Headers",
		"/Users/mikeyang/Qt/6.5.1/macos/lib/QtCore.framework",
		"/Users/mikeyang/Qt/6.5.1/macos/mkspecs/macx-clang",
		"/Users/mikeyang/Qt/6.5.1/macos/include",
		"/Users/mikeyang/Qt/6.5.1/macos/lib/QtGui.framework/Headers",
		"/Users/mikeyang/Qt/6.5.1/macos/lib/QtGui.framework",
		"/Applications/Xcode.app/Contents/Developer/Platforms/MacOSX.platform/Developer/SDKs/MacOSX13.3.sdk/usr/include/c++/v1",
		"/Applications/Xcode.app/Contents/Developer/Toolchains/XcodeDefault.xctoolchain/usr/lib/clang/14.0.3/include",
		"/Applications/Xcode.app/Contents/Developer/Platforms/MacOSX.platform/Developer/SDKs/MacOSX13.3.sdk/usr/include",
		"/Applications/Xcode.app/Contents/Developer/Toolchains/XcodeDefault.xctoolchain/usr/include"
	],
	"MOC_MACRO_NAMES" : 
	[
		"Q_OBJECT",
		"Q_GADGET",
		"Q_NAMESPACE",
		"Q_NAMESPACE_EXPORT",
		"Q_GADGET_EXPORT"
	],
	"MOC_OPTIONS" : [],
	"MOC_PATH_PREFIX" : false,
	"MOC_PREDEFS_CMD" : 
	[
		"/Applications/Xcode.app/Contents/Developer/Toolchains/XcodeDefault.xctoolchain/usr/bin/c++",
		"-dM",
		"-E",
		"-c",
		"/opt/homebrew/Cellar/cmake/3.26.4/share/cmake/Modules/CMakeCXXCompilerABI.cpp"
	],
	"MOC_PREDEFS_FILE" : "/Users/mikeyang/Documents/pdm/pdmQt/lib/framelesshelperBuild/src/widgets/FramelessHelperWidgets_autogen/moc_predefs.h",
	"MOC_RELAXED_MODE" : false,
	"MOC_SKIP" : [],
	"MULTI_CONFIG" : false,
	"PARALLEL" : 12,
	"PARSE_CACHE_FILE" : "/Users/mikeyang/Documents/pdm/pdmQt/lib/framelesshelperBuild/src/widgets/CMakeFiles/FramelessHelperWidgets_autogen.dir/ParseCache.txt",
	"QT_MOC_EXECUTABLE" : "/Users/mikeyang/Qt/6.5.1/macos/./libexec/moc",
	"QT_UIC_EXECUTABLE" : "/Users/mikeyang/Qt/6.5.1/macos/./libexec/uic",
	"QT_VERSION_MAJOR" : 6,
	"QT_VERSION_MINOR" : 5,
	"SETTINGS_FILE" : "/Users/mikeyang/Documents/pdm/pdmQt/lib/framelesshelperBuild/src/widgets/CMakeFiles/FramelessHelperWidgets_autogen.dir/AutogenUsed.txt",
	"SOURCES" : 
	[
		[
			"/Users/mikeyang/Documents/pdm/pdmQt/lib/framelesshelper/src/widgets/framelessdialog.cpp",
			"MU",
			null
		],
		[
			"/Users/mikeyang/Documents/pdm/pdmQt/lib/framelesshelper/src/widgets/framelesshelperwidgets_global.cpp",
			"MU",
			null
		],
		[
			"/Users/mikeyang/Documents/pdm/pdmQt/lib/framelesshelper/src/widgets/framelessmainwindow.cpp",
			"MU",
			null
		],
		[
			"/Users/mikeyang/Documents/pdm/pdmQt/lib/framelesshelper/src/widgets/framelesswidget.cpp",
			"MU",
			null
		],
		[
			"/Users/mikeyang/Documents/pdm/pdmQt/lib/framelesshelper/src/widgets/framelesswidgetshelper.cpp",
			"MU",
			null
		],
		[
			"/Users/mikeyang/Documents/pdm/pdmQt/lib/framelesshelper/src/widgets/standardsystembutton.cpp",
			"MU",
			null
		],
		[
			"/Users/mikeyang/Documents/pdm/pdmQt/lib/framelesshelper/src/widgets/standardtitlebar.cpp",
			"MU",
			null
		],
		[
			"/Users/mikeyang/Documents/pdm/pdmQt/lib/framelesshelper/src/widgets/widgetssharedhelper.cpp",
			"MU",
			null
		]
	],
	"UIC_OPTIONS" : [],
	"UIC_SEARCH_PATHS" : [],
	"UIC_SKIP" : [],
	"UIC_UI_FILES" : [],
	"VERBOSITY" : 0
}
