{
	"BUILD_DIR" : "/Users/mikeyang/Documents/pdm/pdmQt/lib/framelesshelperBuild/src/quick/FramelessHelperQuick_autogen",
	"CMAKE_BINARY_DIR" : "/Users/mikeyang/Documents/pdm/pdmQt/lib/framelesshelperBuild",
	"CMAKE_CURRENT_BINARY_DIR" : "/Users/mikeyang/Documents/pdm/pdmQt/lib/framelesshelperBuild/src/quick",
	"CMAKE_CURRENT_SOURCE_DIR" : "/Users/mikeyang/Documents/pdm/pdmQt/lib/framelesshelper/src/quick",
	"CMAKE_EXECUTABLE" : "/opt/homebrew/Cellar/cmake/3.26.4/bin/cmake",
	"CMAKE_LIST_FILES" : 
	[
		"/Users/mikeyang/Documents/pdm/pdmQt/lib/framelesshelper/src/quick/CMakeLists.txt",
		"/Users/mikeyang/Qt/6.5.1/macos/lib/cmake/Qt6/Qt6ConfigVersion.cmake",
		"/Users/mikeyang/Qt/6.5.1/macos/lib/cmake/Qt6/Qt6ConfigVersionImpl.cmake",
		"/Users/mikeyang/Qt/6.5.1/macos/lib/cmake/Qt6/Qt6Config.cmake",
		"/Users/mikeyang/Qt/6.5.1/macos/lib/cmake/Qt6/Qt6ConfigExtras.cmake",
		"/Users/mikeyang/Qt/6.5.1/macos/lib/cmake/Qt6/QtPublicCMakeVersionHelpers.cmake",
		"/Users/mikeyang/Qt/6.5.1/macos/lib/cmake/Qt6/Qt6Targets.cmake",
		"/Users/mikeyang/Qt/6.5.1/macos/lib/cmake/Qt6/Qt6VersionlessTargets.cmake",
		"/Users/mikeyang/Qt/6.5.1/macos/lib/cmake/Qt6/QtFeature.cmake",
		"/Users/mikeyang/Qt/6.5.1/macos/lib/cmake/Qt6/QtFeatureCommon.cmake",
		"/opt/homebrew/Cellar/cmake/3.26.4/share/cmake/Modules/CheckCXXCompilerFlag.cmake",
		"/Users/mikeyang/Qt/6.5.1/macos/lib/cmake/Qt6/QtPublicAppleHelpers.cmake",
		"/Users/mikeyang/Qt/6.5.1/macos/lib/cmake/Qt6/QtPublicFinalizerHelpers.cmake",
		"/Users/mikeyang/Qt/6.5.1/macos/lib/cmake/Qt6/QtPublicPluginHelpers.cmake",
		"/Users/mikeyang/Qt/6.5.1/macos/lib/cmake/Qt6/QtPublicTargetHelpers.cmake",
		"/Users/mikeyang/Qt/6.5.1/macos/lib/cmake/Qt6/QtPublicWalkLibsHelpers.cmake",
		"/Users/mikeyang/Qt/6.5.1/macos/lib/cmake/Qt6/QtPublicFindPackageHelpers.cmake",
		"/Users/mikeyang/Qt/6.5.1/macos/lib/cmake/Qt6/QtPublicDependencyHelpers.cmake",
		"/Users/mikeyang/Qt/6.5.1/macos/lib/cmake/Qt6/QtPublicTestHelpers.cmake",
		"/Users/mikeyang/Qt/6.5.1/macos/lib/cmake/Qt6/QtPublicToolHelpers.cmake",
		"/Users/mikeyang/Qt/6.5.1/macos/lib/cmake/Qt6/QtPublicCMakeHelpers.cmake",
		"/opt/homebrew/Cellar/cmake/3.26.4/share/cmake/Modules/CMakeFindDependencyMacro.cmake",
		"/Users/mikeyang/Qt/6.5.1/macos/lib/cmake/Qt6/Qt6Dependencies.cmake",
		"/Users/mikeyang/Qt/6.5.1/macos/lib/cmake/Qt6/Qt6ConfigVersion.cmake",
		"/Users/mikeyang/Qt/6.5.1/macos/lib/cmake/Qt6/Qt6ConfigVersionImpl.cmake",
		"/Users/mikeyang/Qt/6.5.1/macos/lib/cmake/Qt6/Qt6Config.cmake",
		"/Users/mikeyang/Qt/6.5.1/macos/lib/cmake/Qt6/Qt6ConfigExtras.cmake",
		"/Users/mikeyang/Qt/6.5.1/macos/lib/cmake/Qt6/QtPublicCMakeVersionHelpers.cmake",
		"/Users/mikeyang/Qt/6.5.1/macos/lib/cmake/Qt6/Qt6Targets.cmake",
		"/Users/mikeyang/Qt/6.5.1/macos/lib/cmake/Qt6/Qt6VersionlessTargets.cmake",
		"/Users/mikeyang/Qt/6.5.1/macos/lib/cmake/Qt6/QtFeature.cmake",
		"/Users/mikeyang/Qt/6.5.1/macos/lib/cmake/Qt6/QtFeatureCommon.cmake",
		"/opt/homebrew/Cellar/cmake/3.26.4/share/cmake/Modules/CheckCXXCompilerFlag.cmake",
		"/Users/mikeyang/Qt/6.5.1/macos/lib/cmake/Qt6/QtPublicAppleHelpers.cmake",
		"/Users/mikeyang/Qt/6.5.1/macos/lib/cmake/Qt6/QtPublicFinalizerHelpers.cmake",
		"/Users/mikeyang/Qt/6.5.1/macos/lib/cmake/Qt6/QtPublicPluginHelpers.cmake",
		"/Users/mikeyang/Qt/6.5.1/macos/lib/cmake/Qt6/QtPublicTargetHelpers.cmake",
		"/Users/mikeyang/Qt/6.5.1/macos/lib/cmake/Qt6/QtPublicWalkLibsHelpers.cmake",
		"/Users/mikeyang/Qt/6.5.1/macos/lib/cmake/Qt6/QtPublicFindPackageHelpers.cmake",
		"/Users/mikeyang/Qt/6.5.1/macos/lib/cmake/Qt6/QtPublicDependencyHelpers.cmake",
		"/Users/mikeyang/Qt/6.5.1/macos/lib/cmake/Qt6/QtPublicTestHelpers.cmake",
		"/Users/mikeyang/Qt/6.5.1/macos/lib/cmake/Qt6/QtPublicToolHelpers.cmake",
		"/Users/mikeyang/Qt/6.5.1/macos/lib/cmake/Qt6/QtPublicCMakeHelpers.cmake",
		"/opt/homebrew/Cellar/cmake/3.26.4/share/cmake/Modules/CMakeFindDependencyMacro.cmake",
		"/Users/mikeyang/Qt/6.5.1/macos/lib/cmake/Qt6/Qt6Dependencies.cmake",
		"/Users/mikeyang/Qt/6.5.1/macos/lib/cmake/Qt6QuickTemplates2/Qt6QuickTemplates2ConfigVersion.cmake",
		"/Users/mikeyang/Qt/6.5.1/macos/lib/cmake/Qt6QuickTemplates2/Qt6QuickTemplates2ConfigVersionImpl.cmake",
		"/Users/mikeyang/Qt/6.5.1/macos/lib/cmake/Qt6QuickTemplates2/Qt6QuickTemplates2Config.cmake",
		"/opt/homebrew/Cellar/cmake/3.26.4/share/cmake/Modules/CMakeFindDependencyMacro.cmake",
		"/Users/mikeyang/Qt/6.5.1/macos/lib/cmake/Qt6QuickTemplates2/Qt6QuickTemplates2Dependencies.cmake",
		"/Users/mikeyang/Qt/6.5.1/macos/lib/cmake/Qt6QuickTemplates2/Qt6QuickTemplates2Targets.cmake",
		"/Users/mikeyang/Qt/6.5.1/macos/lib/cmake/Qt6QuickTemplates2/Qt6QuickTemplates2Targets-relwithdebinfo.cmake",
		"/Users/mikeyang/Qt/6.5.1/macos/lib/cmake/Qt6QuickTemplates2/Qt6QuickTemplates2AdditionalTargetInfo.cmake",
		"/Users/mikeyang/Qt/6.5.1/macos/lib/cmake/Qt6QuickTemplates2/Qt6QuickTemplates2VersionlessTargets.cmake",
		"/Users/mikeyang/Qt/6.5.1/macos/lib/cmake/Qt6QuickControls2/Qt6QuickControls2ConfigVersion.cmake",
		"/Users/mikeyang/Qt/6.5.1/macos/lib/cmake/Qt6QuickControls2/Qt6QuickControls2ConfigVersionImpl.cmake",
		"/Users/mikeyang/Qt/6.5.1/macos/lib/cmake/Qt6QuickControls2/Qt6QuickControls2Config.cmake",
		"/opt/homebrew/Cellar/cmake/3.26.4/share/cmake/Modules/CMakeFindDependencyMacro.cmake",
		"/Users/mikeyang/Qt/6.5.1/macos/lib/cmake/Qt6QuickControls2/Qt6QuickControls2Dependencies.cmake",
		"/Users/mikeyang/Qt/6.5.1/macos/lib/cmake/Qt6QuickControls2/Qt6QuickControls2Targets.cmake",
		"/Users/mikeyang/Qt/6.5.1/macos/lib/cmake/Qt6QuickControls2/Qt6QuickControls2Targets-relwithdebinfo.cmake",
		"/Users/mikeyang/Qt/6.5.1/macos/lib/cmake/Qt6QuickControls2/Qt6QuickControls2AdditionalTargetInfo.cmake",
		"/Users/mikeyang/Qt/6.5.1/macos/lib/cmake/Qt6QuickControls2/Qt6QuickControls2VersionlessTargets.cmake",
		"/Users/mikeyang/Qt/6.5.1/macos/lib/cmake/Qt6Core/Qt6CoreConfigureFileTemplate.in",
		"/Users/mikeyang/Qt/6.5.1/macos/lib/cmake/Qt6Qml/Qt6QmlPluginTemplate.cpp.in",
		"/Users/mikeyang/Qt/6.5.1/macos/lib/cmake/Qt6Qml/Qt6QmlModuleDirMappingTemplate.qrc.in",
		"/opt/homebrew/Cellar/cmake/3.26.4/share/cmake/Modules/GNUInstallDirs.cmake",
		"/opt/homebrew/Cellar/cmake/3.26.4/share/cmake/Modules/GNUInstallDirs.cmake",
		"/opt/homebrew/Cellar/cmake/3.26.4/share/cmake/Modules/GNUInstallDirs.cmake",
		"/opt/homebrew/Cellar/cmake/3.26.4/share/cmake/Modules/GNUInstallDirs.cmake",
		"/Users/mikeyang/Qt/6.5.1/macos/lib/cmake/Qt6Qml/Qt6qmldirTemplate.cmake.in"
	],
	"CMAKE_SOURCE_DIR" : "/Users/mikeyang/Documents/pdm/pdmQt/lib/framelesshelper",
	"DEP_FILE" : "/Users/mikeyang/Documents/pdm/pdmQt/lib/framelesshelperBuild/src/quick/FramelessHelperQuick_autogen/deps",
	"DEP_FILE_RULE_NAME" : "FramelessHelperQuick_autogen/timestamp",
	"HEADERS" : 
	[
		[
			"/Users/mikeyang/Documents/pdm/pdmQt/lib/framelesshelper/include/FramelessHelper/Quick/framelesshelperquick_global.h",
			"MU",
			"ORVEKJZNKZ/moc_framelesshelperquick_global.cpp",
			null
		],
		[
			"/Users/mikeyang/Documents/pdm/pdmQt/lib/framelesshelper/include/FramelessHelper/Quick/framelessquickhelper.h",
			"MU",
			"ORVEKJZNKZ/moc_framelessquickhelper.cpp",
			null
		],
		[
			"/Users/mikeyang/Documents/pdm/pdmQt/lib/framelesshelper/include/FramelessHelper/Quick/framelessquickmodule.h",
			"MU",
			"ORVEKJZNKZ/moc_framelessquickmodule.cpp",
			null
		],
		[
			"/Users/mikeyang/Documents/pdm/pdmQt/lib/framelesshelper/include/FramelessHelper/Quick/framelessquickutils.h",
			"MU",
			"ORVEKJZNKZ/moc_framelessquickutils.cpp",
			null
		],
		[
			"/Users/mikeyang/Documents/pdm/pdmQt/lib/framelesshelper/include/FramelessHelper/Quick/private/framelessquickapplicationwindow_p.h",
			"MU",
			"27YC6JS35W/moc_framelessquickapplicationwindow_p.cpp",
			null
		],
		[
			"/Users/mikeyang/Documents/pdm/pdmQt/lib/framelesshelper/include/FramelessHelper/Quick/private/framelessquickapplicationwindow_p_p.h",
			"MU",
			"27YC6JS35W/moc_framelessquickapplicationwindow_p_p.cpp",
			null
		],
		[
			"/Users/mikeyang/Documents/pdm/pdmQt/lib/framelesshelper/include/FramelessHelper/Quick/private/framelessquickhelper_p.h",
			"MU",
			"27YC6JS35W/moc_framelessquickhelper_p.cpp",
			null
		],
		[
			"/Users/mikeyang/Documents/pdm/pdmQt/lib/framelesshelper/include/FramelessHelper/Quick/private/framelessquickwindow_p.h",
			"MU",
			"27YC6JS35W/moc_framelessquickwindow_p.cpp",
			null
		],
		[
			"/Users/mikeyang/Documents/pdm/pdmQt/lib/framelesshelper/include/FramelessHelper/Quick/private/framelessquickwindow_p_p.h",
			"MU",
			"27YC6JS35W/moc_framelessquickwindow_p_p.cpp",
			null
		],
		[
			"/Users/mikeyang/Documents/pdm/pdmQt/lib/framelesshelper/include/FramelessHelper/Quick/private/quickimageitem_p.h",
			"MU",
			"27YC6JS35W/moc_quickimageitem_p.cpp",
			null
		],
		[
			"/Users/mikeyang/Documents/pdm/pdmQt/lib/framelesshelper/include/FramelessHelper/Quick/private/quickmicamaterial_p.h",
			"MU",
			"27YC6JS35W/moc_quickmicamaterial_p.cpp",
			null
		],
		[
			"/Users/mikeyang/Documents/pdm/pdmQt/lib/framelesshelper/include/FramelessHelper/Quick/private/quickstandardsystembutton_p.h",
			"MU",
			"27YC6JS35W/moc_quickstandardsystembutton_p.cpp",
			null
		],
		[
			"/Users/mikeyang/Documents/pdm/pdmQt/lib/framelesshelper/include/FramelessHelper/Quick/private/quickstandardtitlebar_p.h",
			"MU",
			"27YC6JS35W/moc_quickstandardtitlebar_p.cpp",
			null
		],
		[
			"/Users/mikeyang/Documents/pdm/pdmQt/lib/framelesshelper/include/FramelessHelper/Quick/private/quickwindowborder_p.h",
			"MU",
			"27YC6JS35W/moc_quickwindowborder_p.cpp",
			null
		],
		[
			"/Users/mikeyang/Documents/pdm/pdmQt/lib/framelesshelper/include/FramelessHelper/Quick/quickchromepalette.h",
			"MU",
			"ORVEKJZNKZ/moc_quickchromepalette.cpp",
			null
		],
		[
			"/Users/mikeyang/Documents/pdm/pdmQt/lib/framelesshelper/include/FramelessHelper/Quick/quickimageitem.h",
			"MU",
			"ORVEKJZNKZ/moc_quickimageitem.cpp",
			null
		],
		[
			"/Users/mikeyang/Documents/pdm/pdmQt/lib/framelesshelper/include/FramelessHelper/Quick/quickmicamaterial.h",
			"MU",
			"ORVEKJZNKZ/moc_quickmicamaterial.cpp",
			null
		],
		[
			"/Users/mikeyang/Documents/pdm/pdmQt/lib/framelesshelper/include/FramelessHelper/Quick/quickwindowborder.h",
			"MU",
			"ORVEKJZNKZ/moc_quickwindowborder.cpp",
			null
		],
		[
			"/Users/mikeyang/Documents/pdm/pdmQt/lib/framelesshelper/src/quick/framelesshelperquick_global.h",
			"MU",
			"EWIEGA46WW/moc_framelesshelperquick_global.cpp",
			null
		],
		[
			"/Users/mikeyang/Documents/pdm/pdmQt/lib/framelesshelper/src/quick/framelessquickapplicationwindow_p.h",
			"MU",
			"EWIEGA46WW/moc_framelessquickapplicationwindow_p.cpp",
			null
		],
		[
			"/Users/mikeyang/Documents/pdm/pdmQt/lib/framelesshelper/src/quick/framelessquickhelper.h",
			"MU",
			"EWIEGA46WW/moc_framelessquickhelper.cpp",
			null
		],
		[
			"/Users/mikeyang/Documents/pdm/pdmQt/lib/framelesshelper/src/quick/framelessquickhelper_p.h",
			"MU",
			"EWIEGA46WW/moc_framelessquickhelper_p.cpp",
			null
		],
		[
			"/Users/mikeyang/Documents/pdm/pdmQt/lib/framelesshelper/src/quick/framelessquickmodule.h",
			"MU",
			"EWIEGA46WW/moc_framelessquickmodule.cpp",
			null
		],
		[
			"/Users/mikeyang/Documents/pdm/pdmQt/lib/framelesshelper/src/quick/framelessquickutils.h",
			"MU",
			"EWIEGA46WW/moc_framelessquickutils.cpp",
			null
		],
		[
			"/Users/mikeyang/Documents/pdm/pdmQt/lib/framelesshelper/src/quick/framelessquickwindow_p.h",
			"MU",
			"EWIEGA46WW/moc_framelessquickwindow_p.cpp",
			null
		],
		[
			"/Users/mikeyang/Documents/pdm/pdmQt/lib/framelesshelper/src/quick/quickchromepalette.h",
			"MU",
			"EWIEGA46WW/moc_quickchromepalette.cpp",
			null
		],
		[
			"/Users/mikeyang/Documents/pdm/pdmQt/lib/framelesshelper/src/quick/quickimageitem.h",
			"MU",
			"EWIEGA46WW/moc_quickimageitem.cpp",
			null
		],
		[
			"/Users/mikeyang/Documents/pdm/pdmQt/lib/framelesshelper/src/quick/quickimageitem_p.h",
			"MU",
			"EWIEGA46WW/moc_quickimageitem_p.cpp",
			null
		],
		[
			"/Users/mikeyang/Documents/pdm/pdmQt/lib/framelesshelper/src/quick/quickmicamaterial.h",
			"MU",
			"EWIEGA46WW/moc_quickmicamaterial.cpp",
			null
		],
		[
			"/Users/mikeyang/Documents/pdm/pdmQt/lib/framelesshelper/src/quick/quickmicamaterial_p.h",
			"MU",
			"EWIEGA46WW/moc_quickmicamaterial_p.cpp",
			null
		],
		[
			"/Users/mikeyang/Documents/pdm/pdmQt/lib/framelesshelper/src/quick/quickstandardsystembutton_p.h",
			"MU",
			"EWIEGA46WW/moc_quickstandardsystembutton_p.cpp",
			null
		],
		[
			"/Users/mikeyang/Documents/pdm/pdmQt/lib/framelesshelper/src/quick/quickstandardtitlebar_p.h",
			"MU",
			"EWIEGA46WW/moc_quickstandardtitlebar_p.cpp",
			null
		],
		[
			"/Users/mikeyang/Documents/pdm/pdmQt/lib/framelesshelper/src/quick/quickwindowborder.h",
			"MU",
			"EWIEGA46WW/moc_quickwindowborder.cpp",
			null
		],
		[
			"/Users/mikeyang/Documents/pdm/pdmQt/lib/framelesshelper/src/quick/quickwindowborder_p.h",
			"MU",
			"EWIEGA46WW/moc_quickwindowborder_p.cpp",
			null
		]
	],
	"HEADER_EXTENSIONS" : [ "h", "hh", "h++", "hm", "hpp", "hxx", "in", "txx" ],
	"INCLUDE_DIR" : "/Users/mikeyang/Documents/pdm/pdmQt/lib/framelesshelperBuild/src/quick/FramelessHelperQuick_autogen/include",
	"MOC_COMPILATION_FILE" : "/Users/mikeyang/Documents/pdm/pdmQt/lib/framelesshelperBuild/src/quick/FramelessHelperQuick_autogen/mocs_compilation.cpp",
	"MOC_DEFINITIONS" : 
	[
		"FRAMELESSHELPER_QUICK_LIBRARY",
		"FRAMELESSHELPER_QUICK_NO_DEBUG_OUTPUT",
		"FramelessHelperQuick_EXPORTS",
		"QT_CORE_LIB",
		"QT_DEPRECATED_WARNINGS",
		"QT_DEPRECATED_WARNINGS_SINCE=0x070000",
		"QT_DISABLE_DEPRECATED_BEFORE=0x070000",
		"QT_DISABLE_DEPRECATED_UP_TO=0x070000",
		"QT_EXPLICIT_QFILE_CONSTRUCTION_FROM_PATH",
		"QT_GUI_LIB",
		"QT_NETWORK_LIB",
		"QT_NO_AS_CONST",
		"QT_NO_CAST_FROM_ASCII",
		"QT_NO_CAST_FROM_BYTEARRAY",
		"QT_NO_CAST_TO_ASCII",
		"QT_NO_CONTEXTLESS_CONNECT",
		"QT_NO_DEBUG",
		"QT_NO_FOREACH",
		"QT_NO_JAVA_STYLE_ITERATORS",
		"QT_NO_NARROWING_CONVERSIONS_IN_CONNECT",
		"QT_NO_QEXCHANGE",
		"QT_NO_URL_CAST_FROM_STRING",
		"QT_NO_USING_NAMESPACE",
		"QT_OPENGL_LIB",
		"QT_QMLINTEGRATION_LIB",
		"QT_QMLMODELS_LIB",
		"QT_QML_LIB",
		"QT_QUICKCONTROLS2_LIB",
		"QT_QUICKTEMPLATES2_LIB",
		"QT_QUICK_LIB",
		"QT_STRICT_ITERATORS",
		"QT_USE_FAST_OPERATOR_PLUS",
		"QT_USE_QSTRINGBUILDER",
		"QT_WARN_DEPRECATED_UP_TO=0x070000"
	],
	"MOC_DEPEND_FILTERS" : 
	[
		[
			"Q_PLUGIN_METADATA",
			"[\n][ \t]*Q_PLUGIN_METADATA[ \t]*\\([^\\)]*FILE[ \t]*\"([^\"]+)\""
		]
	],
	"MOC_INCLUDES" : 
	[
		"/Users/mikeyang/Documents/pdm/pdmQt/lib/framelesshelperBuild/src/quick",
		"/Users/mikeyang/Documents/pdm/pdmQt/lib/framelesshelper/src/quick",
		"/Users/mikeyang/Documents/pdm/pdmQt/lib/framelesshelper/include",
		"/Users/mikeyang/Documents/pdm/pdmQt/lib/framelesshelper/include/FramelessHelper/Quick",
		"/Users/mikeyang/Documents/pdm/pdmQt/lib/framelesshelper/include/FramelessHelper/Quick/private",
		"/Users/mikeyang/Documents/pdm/pdmQt/lib/framelesshelper/include",
		"/Users/mikeyang/Documents/pdm/pdmQt/lib/framelesshelper/include/FramelessHelper/Core",
		"/Users/mikeyang/Documents/pdm/pdmQt/lib/framelesshelper/include/FramelessHelper/Core/private",
		"/Users/mikeyang/Documents/pdm/pdmQt/lib/framelesshelperBuild/src/core",
		"/Users/mikeyang/Qt/6.5.1/macos/lib/QtQml.framework/Headers/6.5.1",
		"/Users/mikeyang/Qt/6.5.1/macos/lib/QtQml.framework/Headers/6.5.1/QtQml",
		"/Users/mikeyang/Qt/6.5.1/macos/lib/QtCore.framework/Headers/6.5.1",
		"/Users/mikeyang/Qt/6.5.1/macos/lib/QtCore.framework/Headers/6.5.1/QtCore",
		"/Users/mikeyang/Qt/6.5.1/macos/lib/QtCore.framework/Headers",
		"/Users/mikeyang/Qt/6.5.1/macos/lib/QtCore.framework",
		"/Users/mikeyang/Qt/6.5.1/macos/mkspecs/macx-clang",
		"/Users/mikeyang/Qt/6.5.1/macos/include",
		"/Users/mikeyang/Qt/6.5.1/macos/lib/QtQml.framework/Headers",
		"/Users/mikeyang/Qt/6.5.1/macos/lib/QtQml.framework",
		"/Users/mikeyang/Qt/6.5.1/macos/include/QtQmlIntegration",
		"/Users/mikeyang/Qt/6.5.1/macos/lib/QtNetwork.framework/Headers",
		"/Users/mikeyang/Qt/6.5.1/macos/lib/QtNetwork.framework",
		"/Users/mikeyang/Qt/6.5.1/macos/lib/QtQuick.framework/Headers/6.5.1",
		"/Users/mikeyang/Qt/6.5.1/macos/lib/QtQuick.framework/Headers/6.5.1/QtQuick",
		"/Users/mikeyang/Qt/6.5.1/macos/lib/QtGui.framework/Headers/6.5.1",
		"/Users/mikeyang/Qt/6.5.1/macos/lib/QtGui.framework/Headers/6.5.1/QtGui",
		"/Users/mikeyang/Qt/6.5.1/macos/lib/QtGui.framework/Headers",
		"/Users/mikeyang/Qt/6.5.1/macos/lib/QtGui.framework",
		"/Users/mikeyang/Qt/6.5.1/macos/lib/QtQmlModels.framework/Headers/6.5.1",
		"/Users/mikeyang/Qt/6.5.1/macos/lib/QtQmlModels.framework/Headers/6.5.1/QtQmlModels",
		"/Users/mikeyang/Qt/6.5.1/macos/lib/QtQmlModels.framework/Headers",
		"/Users/mikeyang/Qt/6.5.1/macos/lib/QtQmlModels.framework",
		"/Users/mikeyang/Qt/6.5.1/macos/lib/QtQuick.framework/Headers",
		"/Users/mikeyang/Qt/6.5.1/macos/lib/QtQuick.framework",
		"/Users/mikeyang/Qt/6.5.1/macos/lib/QtOpenGL.framework/Headers",
		"/Users/mikeyang/Qt/6.5.1/macos/lib/QtOpenGL.framework",
		"/Users/mikeyang/Qt/6.5.1/macos/lib/QtQuickTemplates2.framework/Headers/6.5.1",
		"/Users/mikeyang/Qt/6.5.1/macos/lib/QtQuickTemplates2.framework/Headers/6.5.1/QtQuickTemplates2",
		"/Users/mikeyang/Qt/6.5.1/macos/lib/QtQuickTemplates2.framework/Headers",
		"/Users/mikeyang/Qt/6.5.1/macos/lib/QtQuickTemplates2.framework",
		"/Users/mikeyang/Qt/6.5.1/macos/lib/QtQuickControls2.framework/Headers/6.5.1",
		"/Users/mikeyang/Qt/6.5.1/macos/lib/QtQuickControls2.framework/Headers/6.5.1/QtQuickControls2",
		"/Users/mikeyang/Qt/6.5.1/macos/lib/QtQuickControls2.framework/Headers",
		"/Users/mikeyang/Qt/6.5.1/macos/lib/QtQuickControls2.framework",
		"/Applications/Xcode.app/Contents/Developer/Platforms/MacOSX.platform/Developer/SDKs/MacOSX13.3.sdk/usr/include/c++/v1",
		"/Applications/Xcode.app/Contents/Developer/Toolchains/XcodeDefault.xctoolchain/usr/lib/clang/14.0.3/include",
		"/Applications/Xcode.app/Contents/Developer/Platforms/MacOSX.platform/Developer/SDKs/MacOSX13.3.sdk/usr/include",
		"/Applications/Xcode.app/Contents/Developer/Toolchains/XcodeDefault.xctoolchain/usr/include"
	],
	"MOC_MACRO_NAMES" : 
	[
		"Q_OBJECT",
		"Q_GADGET",
		"Q_NAMESPACE",
		"Q_NAMESPACE_EXPORT",
		"Q_GADGET_EXPORT"
	],
	"MOC_OPTIONS" : [ "--output-json" ],
	"MOC_PATH_PREFIX" : false,
	"MOC_PREDEFS_CMD" : 
	[
		"/Applications/Xcode.app/Contents/Developer/Toolchains/XcodeDefault.xctoolchain/usr/bin/c++",
		"-dM",
		"-E",
		"-c",
		"/opt/homebrew/Cellar/cmake/3.26.4/share/cmake/Modules/CMakeCXXCompilerABI.cpp"
	],
	"MOC_PREDEFS_FILE" : "/Users/mikeyang/Documents/pdm/pdmQt/lib/framelesshelperBuild/src/quick/FramelessHelperQuick_autogen/moc_predefs.h",
	"MOC_RELAXED_MODE" : false,
	"MOC_SKIP" : 
	[
		"/Users/mikeyang/Documents/pdm/pdmQt/lib/framelesshelperBuild/src/quick/.rcc/qrc_qmake_org_wangwenx190_FramelessHelper.cpp",
		"/Users/mikeyang/Documents/pdm/pdmQt/lib/framelesshelperBuild/src/quick/framelesshelperquick_qmltyperegistrations.cpp"
	],
	"MULTI_CONFIG" : false,
	"PARALLEL" : 12,
	"PARSE_CACHE_FILE" : "/Users/mikeyang/Documents/pdm/pdmQt/lib/framelesshelperBuild/src/quick/CMakeFiles/FramelessHelperQuick_autogen.dir/ParseCache.txt",
	"QT_MOC_EXECUTABLE" : "/Users/mikeyang/Qt/6.5.1/macos/./libexec/moc",
	"QT_UIC_EXECUTABLE" : "/Users/mikeyang/Qt/6.5.1/macos/./libexec/uic",
	"QT_VERSION_MAJOR" : 6,
	"QT_VERSION_MINOR" : 5,
	"SETTINGS_FILE" : "/Users/mikeyang/Documents/pdm/pdmQt/lib/framelesshelperBuild/src/quick/CMakeFiles/FramelessHelperQuick_autogen.dir/AutogenUsed.txt",
	"SOURCES" : 
	[
		[
			"/Users/mikeyang/Documents/pdm/pdmQt/lib/framelesshelper/src/quick/framelesshelperquick_global.cpp",
			"MU",
			null
		],
		[
			"/Users/mikeyang/Documents/pdm/pdmQt/lib/framelesshelper/src/quick/framelessquickapplicationwindow.cpp",
			"MU",
			null
		],
		[
			"/Users/mikeyang/Documents/pdm/pdmQt/lib/framelesshelper/src/quick/framelessquickhelper.cpp",
			"MU",
			null
		],
		[
			"/Users/mikeyang/Documents/pdm/pdmQt/lib/framelesshelper/src/quick/framelessquickmodule.cpp",
			"MU",
			null
		],
		[
			"/Users/mikeyang/Documents/pdm/pdmQt/lib/framelesshelper/src/quick/framelessquickutils.cpp",
			"MU",
			null
		],
		[
			"/Users/mikeyang/Documents/pdm/pdmQt/lib/framelesshelper/src/quick/framelessquickwindow.cpp",
			"MU",
			null
		],
		[
			"/Users/mikeyang/Documents/pdm/pdmQt/lib/framelesshelper/src/quick/quickchromepalette.cpp",
			"MU",
			null
		],
		[
			"/Users/mikeyang/Documents/pdm/pdmQt/lib/framelesshelper/src/quick/quickimageitem.cpp",
			"MU",
			null
		],
		[
			"/Users/mikeyang/Documents/pdm/pdmQt/lib/framelesshelper/src/quick/quickmicamaterial.cpp",
			"MU",
			null
		],
		[
			"/Users/mikeyang/Documents/pdm/pdmQt/lib/framelesshelper/src/quick/quickstandardsystembutton.cpp",
			"MU",
			null
		],
		[
			"/Users/mikeyang/Documents/pdm/pdmQt/lib/framelesshelper/src/quick/quickstandardtitlebar.cpp",
			"MU",
			null
		],
		[
			"/Users/mikeyang/Documents/pdm/pdmQt/lib/framelesshelper/src/quick/quickwindowborder.cpp",
			"MU",
			null
		]
	],
	"UIC_OPTIONS" : [],
	"UIC_SEARCH_PATHS" : [],
	"UIC_SKIP" : 
	[
		"/Users/mikeyang/Documents/pdm/pdmQt/lib/framelesshelperBuild/src/quick/.rcc/qrc_qmake_org_wangwenx190_FramelessHelper.cpp",
		"/Users/mikeyang/Documents/pdm/pdmQt/lib/framelesshelperBuild/src/quick/framelesshelperquick_qmltyperegistrations.cpp"
	],
	"UIC_UI_FILES" : [],
	"VERBOSITY" : 0
}
