{
	"BUILD_DIR" : "/Users/mikeyang/Documents/pdm/pdmQt/lib/framelesshelperBuild/src/core/FramelessHelperCore_autogen",
	"CMAKE_BINARY_DIR" : "/Users/mikeyang/Documents/pdm/pdmQt/lib/framelesshelperBuild",
	"CMAKE_CURRENT_BINARY_DIR" : "/Users/mikeyang/Documents/pdm/pdmQt/lib/framelesshelperBuild/src/core",
	"CMAKE_CURRENT_SOURCE_DIR" : "/Users/mikeyang/Documents/pdm/pdmQt/lib/framelesshelper/src/core",
	"CMAKE_EXECUTABLE" : "/opt/homebrew/Cellar/cmake/3.26.4/bin/cmake",
	"CMAKE_LIST_FILES" : 
	[
		"/Users/mikeyang/Documents/pdm/pdmQt/lib/framelesshelper/src/core/CMakeLists.txt",
		"/Users/mikeyang/Documents/pdm/pdmQt/lib/framelesshelper/src/core/framelesshelper.version.in",
		"/Users/mikeyang/Qt/6.5.1/macos/lib/cmake/Qt6Core/Qt6CoreConfigureFileTemplate.in",
		"/opt/homebrew/Cellar/cmake/3.26.4/share/cmake/Modules/GNUInstallDirs.cmake",
		"/opt/homebrew/Cellar/cmake/3.26.4/share/cmake/Modules/GNUInstallDirs.cmake",
		"/opt/homebrew/Cellar/cmake/3.26.4/share/cmake/Modules/GNUInstallDirs.cmake",
		"/opt/homebrew/Cellar/cmake/3.26.4/share/cmake/Modules/GNUInstallDirs.cmake"
	],
	"CMAKE_SOURCE_DIR" : "/Users/mikeyang/Documents/pdm/pdmQt/lib/framelesshelper",
	"DEP_FILE" : "/Users/mikeyang/Documents/pdm/pdmQt/lib/framelesshelperBuild/src/core/FramelessHelperCore_autogen/deps",
	"DEP_FILE_RULE_NAME" : "FramelessHelperCore_autogen/timestamp",
	"HEADERS" : 
	[
		[
			"/Users/mikeyang/Documents/pdm/pdmQt/lib/framelesshelper/include/FramelessHelper/Core/chromepalette.h",
			"MU",
			"FKC5CFB2CV/moc_chromepalette.cpp",
			null
		],
		[
			"/Users/mikeyang/Documents/pdm/pdmQt/lib/framelesshelper/include/FramelessHelper/Core/framelesshelper_qt.h",
			"MU",
			"FKC5CFB2CV/moc_framelesshelper_qt.cpp",
			null
		],
		[
			"/Users/mikeyang/Documents/pdm/pdmQt/lib/framelesshelper/include/FramelessHelper/Core/framelesshelpercore_global.h",
			"MU",
			"FKC5CFB2CV/moc_framelesshelpercore_global.cpp",
			null
		],
		[
			"/Users/mikeyang/Documents/pdm/pdmQt/lib/framelesshelper/include/FramelessHelper/Core/framelessmanager.h",
			"MU",
			"FKC5CFB2CV/moc_framelessmanager.cpp",
			null
		],
		[
			"/Users/mikeyang/Documents/pdm/pdmQt/lib/framelesshelper/include/FramelessHelper/Core/micamaterial.h",
			"MU",
			"FKC5CFB2CV/moc_micamaterial.cpp",
			null
		],
		[
			"/Users/mikeyang/Documents/pdm/pdmQt/lib/framelesshelper/include/FramelessHelper/Core/private/chromepalette_p.h",
			"MU",
			"ROKUWO2WCI/moc_chromepalette_p.cpp",
			null
		],
		[
			"/Users/mikeyang/Documents/pdm/pdmQt/lib/framelesshelper/include/FramelessHelper/Core/private/framelessconfig_p.h",
			"MU",
			"ROKUWO2WCI/moc_framelessconfig_p.cpp",
			null
		],
		[
			"/Users/mikeyang/Documents/pdm/pdmQt/lib/framelesshelper/include/FramelessHelper/Core/private/framelesshelpercore_global_p.h",
			"MU",
			"ROKUWO2WCI/moc_framelesshelpercore_global_p.cpp",
			null
		],
		[
			"/Users/mikeyang/Documents/pdm/pdmQt/lib/framelesshelper/include/FramelessHelper/Core/private/framelessmanager_p.h",
			"MU",
			"ROKUWO2WCI/moc_framelessmanager_p.cpp",
			null
		],
		[
			"/Users/mikeyang/Documents/pdm/pdmQt/lib/framelesshelper/include/FramelessHelper/Core/private/micamaterial_p.h",
			"MU",
			"ROKUWO2WCI/moc_micamaterial_p.cpp",
			null
		],
		[
			"/Users/mikeyang/Documents/pdm/pdmQt/lib/framelesshelper/include/FramelessHelper/Core/private/scopeguard_p.h",
			"MU",
			"ROKUWO2WCI/moc_scopeguard_p.cpp",
			null
		],
		[
			"/Users/mikeyang/Documents/pdm/pdmQt/lib/framelesshelper/include/FramelessHelper/Core/private/sysapiloader_p.h",
			"MU",
			"ROKUWO2WCI/moc_sysapiloader_p.cpp",
			null
		],
		[
			"/Users/mikeyang/Documents/pdm/pdmQt/lib/framelesshelper/include/FramelessHelper/Core/private/versionnumber_p.h",
			"MU",
			"ROKUWO2WCI/moc_versionnumber_p.cpp",
			null
		],
		[
			"/Users/mikeyang/Documents/pdm/pdmQt/lib/framelesshelper/include/FramelessHelper/Core/private/windowborderpainter_p.h",
			"MU",
			"ROKUWO2WCI/moc_windowborderpainter_p.cpp",
			null
		],
		[
			"/Users/mikeyang/Documents/pdm/pdmQt/lib/framelesshelper/include/FramelessHelper/Core/utils.h",
			"MU",
			"FKC5CFB2CV/moc_utils.cpp",
			null
		],
		[
			"/Users/mikeyang/Documents/pdm/pdmQt/lib/framelesshelper/include/FramelessHelper/Core/windowborderpainter.h",
			"MU",
			"FKC5CFB2CV/moc_windowborderpainter.cpp",
			null
		],
		[
			"/Users/mikeyang/Documents/pdm/pdmQt/lib/framelesshelper/src/core/chromepalette.h",
			"MU",
			"EWIEGA46WW/moc_chromepalette.cpp",
			null
		],
		[
			"/Users/mikeyang/Documents/pdm/pdmQt/lib/framelesshelper/src/core/chromepalette_p.h",
			"MU",
			"EWIEGA46WW/moc_chromepalette_p.cpp",
			null
		],
		[
			"/Users/mikeyang/Documents/pdm/pdmQt/lib/framelesshelper/src/core/framelessconfig_p.h",
			"MU",
			"EWIEGA46WW/moc_framelessconfig_p.cpp",
			null
		],
		[
			"/Users/mikeyang/Documents/pdm/pdmQt/lib/framelesshelper/src/core/framelesshelper_qt.h",
			"MU",
			"EWIEGA46WW/moc_framelesshelper_qt.cpp",
			null
		],
		[
			"/Users/mikeyang/Documents/pdm/pdmQt/lib/framelesshelper/src/core/framelesshelpercore_global.h",
			"MU",
			"EWIEGA46WW/moc_framelesshelpercore_global.cpp",
			null
		],
		[
			"/Users/mikeyang/Documents/pdm/pdmQt/lib/framelesshelper/src/core/framelesshelpercore_global_p.h",
			"MU",
			"EWIEGA46WW/moc_framelesshelpercore_global_p.cpp",
			null
		],
		[
			"/Users/mikeyang/Documents/pdm/pdmQt/lib/framelesshelper/src/core/framelessmanager.h",
			"MU",
			"EWIEGA46WW/moc_framelessmanager.cpp",
			null
		],
		[
			"/Users/mikeyang/Documents/pdm/pdmQt/lib/framelesshelper/src/core/framelessmanager_p.h",
			"MU",
			"EWIEGA46WW/moc_framelessmanager_p.cpp",
			null
		],
		[
			"/Users/mikeyang/Documents/pdm/pdmQt/lib/framelesshelper/src/core/micamaterial.h",
			"MU",
			"EWIEGA46WW/moc_micamaterial.cpp",
			null
		],
		[
			"/Users/mikeyang/Documents/pdm/pdmQt/lib/framelesshelper/src/core/micamaterial_p.h",
			"MU",
			"EWIEGA46WW/moc_micamaterial_p.cpp",
			null
		],
		[
			"/Users/mikeyang/Documents/pdm/pdmQt/lib/framelesshelper/src/core/sysapiloader_p.h",
			"MU",
			"EWIEGA46WW/moc_sysapiloader_p.cpp",
			null
		],
		[
			"/Users/mikeyang/Documents/pdm/pdmQt/lib/framelesshelper/src/core/utils.h",
			"MU",
			"EWIEGA46WW/moc_utils.cpp",
			null
		],
		[
			"/Users/mikeyang/Documents/pdm/pdmQt/lib/framelesshelper/src/core/windowborderpainter.h",
			"MU",
			"EWIEGA46WW/moc_windowborderpainter.cpp",
			null
		],
		[
			"/Users/mikeyang/Documents/pdm/pdmQt/lib/framelesshelper/src/core/windowborderpainter_p.h",
			"MU",
			"EWIEGA46WW/moc_windowborderpainter_p.cpp",
			null
		]
	],
	"HEADER_EXTENSIONS" : [ "h", "hh", "h++", "hm", "hpp", "hxx", "in", "txx" ],
	"INCLUDE_DIR" : "/Users/mikeyang/Documents/pdm/pdmQt/lib/framelesshelperBuild/src/core/FramelessHelperCore_autogen/include",
	"MOC_COMPILATION_FILE" : "/Users/mikeyang/Documents/pdm/pdmQt/lib/framelesshelperBuild/src/core/FramelessHelperCore_autogen/mocs_compilation.cpp",
	"MOC_DEFINITIONS" : 
	[
		"FRAMELESSHELPER_CORE_LIBRARY",
		"FRAMELESSHELPER_CORE_NO_DEBUG_OUTPUT",
		"FramelessHelperCore_EXPORTS",
		"QT_CORE_LIB",
		"QT_DEPRECATED_WARNINGS",
		"QT_DEPRECATED_WARNINGS_SINCE=0x070000",
		"QT_DISABLE_DEPRECATED_BEFORE=0x070000",
		"QT_DISABLE_DEPRECATED_UP_TO=0x070000",
		"QT_EXPLICIT_QFILE_CONSTRUCTION_FROM_PATH",
		"QT_GUI_LIB",
		"QT_NO_AS_CONST",
		"QT_NO_CAST_FROM_ASCII",
		"QT_NO_CAST_FROM_BYTEARRAY",
		"QT_NO_CAST_TO_ASCII",
		"QT_NO_CONTEXTLESS_CONNECT",
		"QT_NO_DEBUG",
		"QT_NO_FOREACH",
		"QT_NO_JAVA_STYLE_ITERATORS",
		"QT_NO_KEYWORDS",
		"QT_NO_NARROWING_CONVERSIONS_IN_CONNECT",
		"QT_NO_QEXCHANGE",
		"QT_NO_URL_CAST_FROM_STRING",
		"QT_NO_USING_NAMESPACE",
		"QT_STRICT_ITERATORS",
		"QT_USE_FAST_OPERATOR_PLUS",
		"QT_USE_QSTRINGBUILDER",
		"QT_WARN_DEPRECATED_UP_TO=0x070000"
	],
	"MOC_DEPEND_FILTERS" : 
	[
		[
			"Q_PLUGIN_METADATA",
			"[\n][ \t]*Q_PLUGIN_METADATA[ \t]*\\([^\\)]*FILE[ \t]*\"([^\"]+)\""
		]
	],
	"MOC_INCLUDES" : 
	[
		"/Users/mikeyang/Documents/pdm/pdmQt/lib/framelesshelperBuild/src/core",
		"/Users/mikeyang/Documents/pdm/pdmQt/lib/framelesshelper/src/core",
		"/Users/mikeyang/Documents/pdm/pdmQt/lib/framelesshelper/include",
		"/Users/mikeyang/Documents/pdm/pdmQt/lib/framelesshelper/include/FramelessHelper/Core",
		"/Users/mikeyang/Documents/pdm/pdmQt/lib/framelesshelper/include/FramelessHelper/Core/private",
		"/Users/mikeyang/Qt/6.5.1/macos/lib/QtCore.framework/Headers/6.5.1",
		"/Users/mikeyang/Qt/6.5.1/macos/lib/QtCore.framework/Headers/6.5.1/QtCore",
		"/Users/mikeyang/Qt/6.5.1/macos/lib/QtCore.framework/Headers",
		"/Users/mikeyang/Qt/6.5.1/macos/lib/QtCore.framework",
		"/Users/mikeyang/Qt/6.5.1/macos/mkspecs/macx-clang",
		"/Users/mikeyang/Qt/6.5.1/macos/include",
		"/Users/mikeyang/Qt/6.5.1/macos/lib/QtGui.framework/Headers/6.5.1",
		"/Users/mikeyang/Qt/6.5.1/macos/lib/QtGui.framework/Headers/6.5.1/QtGui",
		"/Users/mikeyang/Qt/6.5.1/macos/lib/QtGui.framework/Headers",
		"/Users/mikeyang/Qt/6.5.1/macos/lib/QtGui.framework",
		"/Applications/Xcode.app/Contents/Developer/Platforms/MacOSX.platform/Developer/SDKs/MacOSX13.3.sdk/usr/include/c++/v1",
		"/Applications/Xcode.app/Contents/Developer/Toolchains/XcodeDefault.xctoolchain/usr/lib/clang/14.0.3/include",
		"/Applications/Xcode.app/Contents/Developer/Platforms/MacOSX.platform/Developer/SDKs/MacOSX13.3.sdk/usr/include",
		"/Applications/Xcode.app/Contents/Developer/Toolchains/XcodeDefault.xctoolchain/usr/include"
	],
	"MOC_MACRO_NAMES" : 
	[
		"Q_OBJECT",
		"Q_GADGET",
		"Q_NAMESPACE",
		"Q_NAMESPACE_EXPORT",
		"Q_GADGET_EXPORT"
	],
	"MOC_OPTIONS" : [],
	"MOC_PATH_PREFIX" : false,
	"MOC_PREDEFS_CMD" : 
	[
		"/Applications/Xcode.app/Contents/Developer/Toolchains/XcodeDefault.xctoolchain/usr/bin/c++",
		"-dM",
		"-E",
		"-c",
		"/opt/homebrew/Cellar/cmake/3.26.4/share/cmake/Modules/CMakeCXXCompilerABI.cpp"
	],
	"MOC_PREDEFS_FILE" : "/Users/mikeyang/Documents/pdm/pdmQt/lib/framelesshelperBuild/src/core/FramelessHelperCore_autogen/moc_predefs.h",
	"MOC_RELAXED_MODE" : false,
	"MOC_SKIP" : 
	[
		"/Users/mikeyang/Documents/pdm/pdmQt/lib/framelesshelperBuild/src/core/.rcc/qrc_framelesshelpercore.cpp"
	],
	"MULTI_CONFIG" : false,
	"PARALLEL" : 12,
	"PARSE_CACHE_FILE" : "/Users/mikeyang/Documents/pdm/pdmQt/lib/framelesshelperBuild/src/core/CMakeFiles/FramelessHelperCore_autogen.dir/ParseCache.txt",
	"QT_MOC_EXECUTABLE" : "/Users/mikeyang/Qt/6.5.1/macos/./libexec/moc",
	"QT_UIC_EXECUTABLE" : "/Users/mikeyang/Qt/6.5.1/macos/./libexec/uic",
	"QT_VERSION_MAJOR" : 6,
	"QT_VERSION_MINOR" : 5,
	"SETTINGS_FILE" : "/Users/mikeyang/Documents/pdm/pdmQt/lib/framelesshelperBuild/src/core/CMakeFiles/FramelessHelperCore_autogen.dir/AutogenUsed.txt",
	"SOURCES" : 
	[
		[
			"/Users/mikeyang/Documents/pdm/pdmQt/lib/framelesshelper/src/core/chromepalette.cpp",
			"MU",
			null
		],
		[
			"/Users/mikeyang/Documents/pdm/pdmQt/lib/framelesshelper/src/core/framelessconfig.cpp",
			"MU",
			null
		],
		[
			"/Users/mikeyang/Documents/pdm/pdmQt/lib/framelesshelper/src/core/framelesshelper_qt.cpp",
			"MU",
			null
		],
		[
			"/Users/mikeyang/Documents/pdm/pdmQt/lib/framelesshelper/src/core/framelesshelpercore_global.cpp",
			"MU",
			null
		],
		[
			"/Users/mikeyang/Documents/pdm/pdmQt/lib/framelesshelper/src/core/framelessmanager.cpp",
			"MU",
			null
		],
		[
			"/Users/mikeyang/Documents/pdm/pdmQt/lib/framelesshelper/src/core/micamaterial.cpp",
			"MU",
			null
		],
		[
			"/Users/mikeyang/Documents/pdm/pdmQt/lib/framelesshelper/src/core/sysapiloader.cpp",
			"MU",
			null
		],
		[
			"/Users/mikeyang/Documents/pdm/pdmQt/lib/framelesshelper/src/core/utils.cpp",
			"MU",
			null
		],
		[
			"/Users/mikeyang/Documents/pdm/pdmQt/lib/framelesshelper/src/core/utils_mac.mm",
			"MU",
			null
		],
		[
			"/Users/mikeyang/Documents/pdm/pdmQt/lib/framelesshelper/src/core/windowborderpainter.cpp",
			"MU",
			null
		]
	],
	"UIC_OPTIONS" : [],
	"UIC_SEARCH_PATHS" : [],
	"UIC_SKIP" : 
	[
		"/Users/mikeyang/Documents/pdm/pdmQt/lib/framelesshelperBuild/src/core/.rcc/qrc_framelesshelpercore.cpp"
	],
	"UIC_UI_FILES" : [],
	"VERBOSITY" : 0
}
