{
	"BUILD_DIR" : "C:/Users/18604/Documents/framelesshelpers/framelesshelperBuild/src/widgets/FramelessHelperWidgets_autogen",
	"CMAKE_BINARY_DIR" : "C:/Users/18604/Documents/framelesshelpers/framelesshelperBuild",
	"CMAKE_CURRENT_BINARY_DIR" : "C:/Users/18604/Documents/framelesshelpers/framelesshelperBuild/src/widgets",
	"CMAKE_CURRENT_SOURCE_DIR" : "C:/Users/18604/Documents/framelesshelpers/framelesshelper-2.3.6/src/widgets",
	"CMAKE_EXECUTABLE" : "C:/Program Files/CMake/bin/cmake.exe",
	"CMAKE_LIST_FILES" : 
	[
		"C:/Users/18604/Documents/framelesshelpers/framelesshelper-2.3.6/src/widgets/CMakeLists.txt",
		"C:/Program Files/CMake/share/cmake-3.20/Modules/GNUInstallDirs.cmake",
		"C:/Users/18604/Documents/framelesshelpers/framelesshelper-2.3.6/FramelessHelperModuleConfig.cmake.in",
		"C:/Users/18604/Documents/framelesshelpers/framelesshelper-2.3.6/FramelessHelperModuleTargets.cmake.in"
	],
	"CMAKE_SOURCE_DIR" : "C:/Users/18604/Documents/framelesshelpers/framelesshelper-2.3.6",
	"DEP_FILE" : "C:/Users/18604/Documents/framelesshelpers/framelesshelperBuild/src/widgets/FramelessHelperWidgets_autogen/deps",
	"DEP_FILE_RULE_NAME" : "FramelessHelperWidgets_autogen/timestamp",
	"HEADERS" : 
	[
		[
			"C:/Users/18604/Documents/framelesshelpers/framelesshelper-2.3.6/include/FramelessHelper/Widgets/framelessdialog.h",
			"MU",
			"BVHDQGKGDY/moc_framelessdialog.cpp",
			null
		],
		[
			"C:/Users/18604/Documents/framelesshelpers/framelesshelper-2.3.6/include/FramelessHelper/Widgets/framelesshelperwidgets_global.h",
			"MU",
			"BVHDQGKGDY/moc_framelesshelperwidgets_global.cpp",
			null
		],
		[
			"C:/Users/18604/Documents/framelesshelpers/framelesshelper-2.3.6/include/FramelessHelper/Widgets/framelessmainwindow.h",
			"MU",
			"BVHDQGKGDY/moc_framelessmainwindow.cpp",
			null
		],
		[
			"C:/Users/18604/Documents/framelesshelpers/framelesshelper-2.3.6/include/FramelessHelper/Widgets/framelesswidget.h",
			"MU",
			"BVHDQGKGDY/moc_framelesswidget.cpp",
			null
		],
		[
			"C:/Users/18604/Documents/framelesshelpers/framelesshelper-2.3.6/include/FramelessHelper/Widgets/framelesswidgetshelper.h",
			"MU",
			"BVHDQGKGDY/moc_framelesswidgetshelper.cpp",
			null
		],
		[
			"C:/Users/18604/Documents/framelesshelpers/framelesshelper-2.3.6/include/FramelessHelper/Widgets/private/framelessdialog_p.h",
			"MU",
			"BQIZMKIJ4T/moc_framelessdialog_p.cpp",
			null
		],
		[
			"C:/Users/18604/Documents/framelesshelpers/framelesshelper-2.3.6/include/FramelessHelper/Widgets/private/framelessmainwindow_p.h",
			"MU",
			"BQIZMKIJ4T/moc_framelessmainwindow_p.cpp",
			null
		],
		[
			"C:/Users/18604/Documents/framelesshelpers/framelesshelper-2.3.6/include/FramelessHelper/Widgets/private/framelesswidget_p.h",
			"MU",
			"BQIZMKIJ4T/moc_framelesswidget_p.cpp",
			null
		],
		[
			"C:/Users/18604/Documents/framelesshelpers/framelesshelper-2.3.6/include/FramelessHelper/Widgets/private/framelesswidgetshelper_p.h",
			"MU",
			"BQIZMKIJ4T/moc_framelesswidgetshelper_p.cpp",
			null
		],
		[
			"C:/Users/18604/Documents/framelesshelpers/framelesshelper-2.3.6/include/FramelessHelper/Widgets/private/standardsystembutton_p.h",
			"MU",
			"BQIZMKIJ4T/moc_standardsystembutton_p.cpp",
			null
		],
		[
			"C:/Users/18604/Documents/framelesshelpers/framelesshelper-2.3.6/include/FramelessHelper/Widgets/private/standardtitlebar_p.h",
			"MU",
			"BQIZMKIJ4T/moc_standardtitlebar_p.cpp",
			null
		],
		[
			"C:/Users/18604/Documents/framelesshelpers/framelesshelper-2.3.6/include/FramelessHelper/Widgets/private/widgetssharedhelper_p.h",
			"MU",
			"BQIZMKIJ4T/moc_widgetssharedhelper_p.cpp",
			null
		],
		[
			"C:/Users/18604/Documents/framelesshelpers/framelesshelper-2.3.6/include/FramelessHelper/Widgets/standardsystembutton.h",
			"MU",
			"BVHDQGKGDY/moc_standardsystembutton.cpp",
			null
		],
		[
			"C:/Users/18604/Documents/framelesshelpers/framelesshelper-2.3.6/include/FramelessHelper/Widgets/standardtitlebar.h",
			"MU",
			"BVHDQGKGDY/moc_standardtitlebar.cpp",
			null
		],
		[
			"C:/Users/18604/Documents/framelesshelpers/framelesshelper-2.3.6/src/widgets/framelessdialog.h",
			"MU",
			"EWIEGA46WW/moc_framelessdialog.cpp",
			null
		],
		[
			"C:/Users/18604/Documents/framelesshelpers/framelesshelper-2.3.6/src/widgets/framelessdialog_p.h",
			"MU",
			"EWIEGA46WW/moc_framelessdialog_p.cpp",
			null
		],
		[
			"C:/Users/18604/Documents/framelesshelpers/framelesshelper-2.3.6/src/widgets/framelesshelperwidgets_global.h",
			"MU",
			"EWIEGA46WW/moc_framelesshelperwidgets_global.cpp",
			null
		],
		[
			"C:/Users/18604/Documents/framelesshelpers/framelesshelper-2.3.6/src/widgets/framelessmainwindow.h",
			"MU",
			"EWIEGA46WW/moc_framelessmainwindow.cpp",
			null
		],
		[
			"C:/Users/18604/Documents/framelesshelpers/framelesshelper-2.3.6/src/widgets/framelessmainwindow_p.h",
			"MU",
			"EWIEGA46WW/moc_framelessmainwindow_p.cpp",
			null
		],
		[
			"C:/Users/18604/Documents/framelesshelpers/framelesshelper-2.3.6/src/widgets/framelesswidget.h",
			"MU",
			"EWIEGA46WW/moc_framelesswidget.cpp",
			null
		],
		[
			"C:/Users/18604/Documents/framelesshelpers/framelesshelper-2.3.6/src/widgets/framelesswidget_p.h",
			"MU",
			"EWIEGA46WW/moc_framelesswidget_p.cpp",
			null
		],
		[
			"C:/Users/18604/Documents/framelesshelpers/framelesshelper-2.3.6/src/widgets/framelesswidgetshelper.h",
			"MU",
			"EWIEGA46WW/moc_framelesswidgetshelper.cpp",
			null
		],
		[
			"C:/Users/18604/Documents/framelesshelpers/framelesshelper-2.3.6/src/widgets/framelesswidgetshelper_p.h",
			"MU",
			"EWIEGA46WW/moc_framelesswidgetshelper_p.cpp",
			null
		],
		[
			"C:/Users/18604/Documents/framelesshelpers/framelesshelper-2.3.6/src/widgets/standardsystembutton.h",
			"MU",
			"EWIEGA46WW/moc_standardsystembutton.cpp",
			null
		],
		[
			"C:/Users/18604/Documents/framelesshelpers/framelesshelper-2.3.6/src/widgets/standardsystembutton_p.h",
			"MU",
			"EWIEGA46WW/moc_standardsystembutton_p.cpp",
			null
		],
		[
			"C:/Users/18604/Documents/framelesshelpers/framelesshelper-2.3.6/src/widgets/standardtitlebar.h",
			"MU",
			"EWIEGA46WW/moc_standardtitlebar.cpp",
			null
		],
		[
			"C:/Users/18604/Documents/framelesshelpers/framelesshelper-2.3.6/src/widgets/standardtitlebar_p.h",
			"MU",
			"EWIEGA46WW/moc_standardtitlebar_p.cpp",
			null
		],
		[
			"C:/Users/18604/Documents/framelesshelpers/framelesshelper-2.3.6/src/widgets/widgetssharedhelper_p.h",
			"MU",
			"EWIEGA46WW/moc_widgetssharedhelper_p.cpp",
			null
		]
	],
	"HEADER_EXTENSIONS" : [ "h", "hh", "h++", "hm", "hpp", "hxx", "in", "txx" ],
	"INCLUDE_DIR" : "C:/Users/18604/Documents/framelesshelpers/framelesshelperBuild/src/widgets/FramelessHelperWidgets_autogen/include",
	"MOC_COMPILATION_FILE" : "C:/Users/18604/Documents/framelesshelpers/framelesshelperBuild/src/widgets/FramelessHelperWidgets_autogen/mocs_compilation.cpp",
	"MOC_DEFINITIONS" : 
	[
		"FRAMELESSHELPER_WIDGETS_LIBRARY",
		"FramelessHelperWidgets_EXPORTS",
		"MINGW_HAS_SECURE_API=1",
		"QT_CORE_LIB",
		"QT_DEPRECATED_WARNINGS",
		"QT_DEPRECATED_WARNINGS_SINCE=0x070000",
		"QT_EXPLICIT_QFILE_CONSTRUCTION_FROM_PATH",
		"QT_GUI_LIB",
		"QT_NO_AS_CONST",
		"QT_NO_CAST_FROM_ASCII",
		"QT_NO_CAST_FROM_BYTEARRAY",
		"QT_NO_CAST_TO_ASCII",
		"QT_NO_CONTEXTLESS_CONNECT",
		"QT_NO_DEBUG",
		"QT_NO_FOREACH",
		"QT_NO_JAVA_STYLE_ITERATORS",
		"QT_NO_KEYWORDS",
		"QT_NO_NARROWING_CONVERSIONS_IN_CONNECT",
		"QT_NO_QEXCHANGE",
		"QT_NO_URL_CAST_FROM_STRING",
		"QT_NO_USING_NAMESPACE",
		"QT_USE_FAST_OPERATOR_PLUS",
		"QT_USE_QSTRINGBUILDER",
		"QT_WARN_DEPRECATED_UP_TO=0x070000",
		"QT_WIDGETS_LIB",
		"UNICODE",
		"WIN32",
		"WIN64",
		"_ENABLE_EXTENDED_ALIGNED_STORAGE",
		"_UNICODE",
		"_WIN64"
	],
	"MOC_DEPEND_FILTERS" : 
	[
		[
			"Q_PLUGIN_METADATA",
			"[\n][ \t]*Q_PLUGIN_METADATA[ \t]*\\([^\\)]*FILE[ \t]*\"([^\"]+)\""
		]
	],
	"MOC_INCLUDES" : 
	[
		"C:/Users/18604/Documents/framelesshelpers/framelesshelperBuild/src/widgets",
		"C:/Users/18604/Documents/framelesshelpers/framelesshelper-2.3.6/src/widgets",
		"C:/Users/18604/Documents/framelesshelpers/framelesshelper-2.3.6/include",
		"C:/Users/18604/Documents/framelesshelpers/framelesshelper-2.3.6/include/FramelessHelper/Widgets",
		"C:/Users/18604/Documents/framelesshelpers/framelesshelper-2.3.6/include/FramelessHelper/Widgets/private",
		"C:/Users/18604/Documents/framelesshelpers/framelesshelper-2.3.6/include",
		"C:/Users/18604/Documents/framelesshelpers/framelesshelper-2.3.6/include/FramelessHelper/Core",
		"C:/Users/18604/Documents/framelesshelpers/framelesshelper-2.3.6/include/FramelessHelper/Core/private",
		"C:/Users/18604/Documents/framelesshelpers/framelesshelperBuild/src/core",
		"C:/Qt/6.5.2/mingw_64/include/QtWidgets",
		"C:/Qt/6.5.2/mingw_64/include",
		"C:/Qt/6.5.2/mingw_64/include/QtCore",
		"C:/Qt/6.5.2/mingw_64/mkspecs/win32-g++",
		"C:/Qt/6.5.2/mingw_64/include/QtGui",
		"C:/VulkanSDK/1.3.231.1/Include",
		"C:/msys64/mingw64/include/c++/13.2.0",
		"C:/msys64/mingw64/include/c++/13.2.0/x86_64-w64-mingw32",
		"C:/msys64/mingw64/include/c++/13.2.0/backward",
		"C:/msys64/mingw64/lib/gcc/x86_64-w64-mingw32/13.2.0/include",
		"C:/msys64/mingw64/include",
		"C:/msys64/mingw64/lib/gcc/x86_64-w64-mingw32/13.2.0/include-fixed"
	],
	"MOC_MACRO_NAMES" : 
	[
		"Q_OBJECT",
		"Q_GADGET",
		"Q_NAMESPACE",
		"Q_NAMESPACE_EXPORT",
		"Q_GADGET_EXPORT"
	],
	"MOC_OPTIONS" : [],
	"MOC_PATH_PREFIX" : false,
	"MOC_PREDEFS_CMD" : 
	[
		"C:/msys64/mingw64/bin/c++.exe",
		"-dM",
		"-E",
		"-c",
		"C:/Program Files/CMake/share/cmake-3.20/Modules/CMakeCXXCompilerABI.cpp"
	],
	"MOC_PREDEFS_FILE" : "C:/Users/18604/Documents/framelesshelpers/framelesshelperBuild/src/widgets/FramelessHelperWidgets_autogen/moc_predefs.h",
	"MOC_RELAXED_MODE" : false,
	"MOC_SKIP" : [],
	"MULTI_CONFIG" : false,
	"PARALLEL" : 16,
	"PARSE_CACHE_FILE" : "C:/Users/18604/Documents/framelesshelpers/framelesshelperBuild/src/widgets/CMakeFiles/FramelessHelperWidgets_autogen.dir/ParseCache.txt",
	"QT_MOC_EXECUTABLE" : "C:/Qt/6.5.2/mingw_64/./bin/moc.exe",
	"QT_UIC_EXECUTABLE" : "C:/Qt/6.5.2/mingw_64/./bin/uic.exe",
	"QT_VERSION_MAJOR" : 6,
	"QT_VERSION_MINOR" : 5,
	"SETTINGS_FILE" : "C:/Users/18604/Documents/framelesshelpers/framelesshelperBuild/src/widgets/CMakeFiles/FramelessHelperWidgets_autogen.dir/AutogenUsed.txt",
	"SOURCES" : 
	[
		[
			"C:/Users/18604/Documents/framelesshelpers/framelesshelper-2.3.6/src/widgets/framelessdialog.cpp",
			"MU",
			null
		],
		[
			"C:/Users/18604/Documents/framelesshelpers/framelesshelper-2.3.6/src/widgets/framelesshelperwidgets_global.cpp",
			"MU",
			null
		],
		[
			"C:/Users/18604/Documents/framelesshelpers/framelesshelper-2.3.6/src/widgets/framelessmainwindow.cpp",
			"MU",
			null
		],
		[
			"C:/Users/18604/Documents/framelesshelpers/framelesshelper-2.3.6/src/widgets/framelesswidget.cpp",
			"MU",
			null
		],
		[
			"C:/Users/18604/Documents/framelesshelpers/framelesshelper-2.3.6/src/widgets/framelesswidgetshelper.cpp",
			"MU",
			null
		],
		[
			"C:/Users/18604/Documents/framelesshelpers/framelesshelper-2.3.6/src/widgets/standardsystembutton.cpp",
			"MU",
			null
		],
		[
			"C:/Users/18604/Documents/framelesshelpers/framelesshelper-2.3.6/src/widgets/standardtitlebar.cpp",
			"MU",
			null
		],
		[
			"C:/Users/18604/Documents/framelesshelpers/framelesshelper-2.3.6/src/widgets/widgetssharedhelper.cpp",
			"MU",
			null
		]
	],
	"UIC_OPTIONS" : [],
	"UIC_SEARCH_PATHS" : [],
	"UIC_SKIP" : [],
	"UIC_UI_FILES" : [],
	"VERBOSITY" : 0
}
