{
	"BUILD_DIR" : "C:/Users/18604/Documents/framelesshelpers/framelesshelperBuild/src/core/FramelessHelperCore_autogen",
	"CMAKE_BINARY_DIR" : "C:/Users/18604/Documents/framelesshelpers/framelesshelperBuild",
	"CMAKE_CURRENT_BINARY_DIR" : "C:/Users/18604/Documents/framelesshelpers/framelesshelperBuild/src/core",
	"CMAKE_CURRENT_SOURCE_DIR" : "C:/Users/18604/Documents/framelesshelpers/framelesshelper-2.3.6/src/core",
	"CMAKE_EXECUTABLE" : "C:/Program Files/CMake/bin/cmake.exe",
	"CMAKE_LIST_FILES" : 
	[
		"C:/Users/18604/Documents/framelesshelpers/framelesshelper-2.3.6/src/core/CMakeLists.txt",
		"C:/Program Files/CMake/share/cmake-3.20/Modules/GNUInstallDirs.cmake",
		"C:/Users/18604/Documents/framelesshelpers/framelesshelper-2.3.6/src/core/framelesshelper.version.in",
		"C:/Qt/6.5.2/mingw_64/lib/cmake/Qt6Core/Qt6CoreConfigureFileTemplate.in",
		"C:/Users/18604/Documents/framelesshelpers/framelesshelper-2.3.6/FramelessHelperModuleConfig.cmake.in",
		"C:/Users/18604/Documents/framelesshelpers/framelesshelper-2.3.6/FramelessHelperModuleTargets.cmake.in"
	],
	"CMAKE_SOURCE_DIR" : "C:/Users/18604/Documents/framelesshelpers/framelesshelper-2.3.6",
	"DEP_FILE" : "C:/Users/18604/Documents/framelesshelpers/framelesshelperBuild/src/core/FramelessHelperCore_autogen/deps",
	"DEP_FILE_RULE_NAME" : "FramelessHelperCore_autogen/timestamp",
	"HEADERS" : 
	[
		[
			"C:/Users/18604/Documents/framelesshelpers/framelesshelper-2.3.6/include/FramelessHelper/Core/chromepalette.h",
			"MU",
			"FKC5CFB2CV/moc_chromepalette.cpp",
			null
		],
		[
			"C:/Users/18604/Documents/framelesshelpers/framelesshelper-2.3.6/include/FramelessHelper/Core/framelesshelper_qt.h",
			"MU",
			"FKC5CFB2CV/moc_framelesshelper_qt.cpp",
			null
		],
		[
			"C:/Users/18604/Documents/framelesshelpers/framelesshelper-2.3.6/include/FramelessHelper/Core/framelesshelper_win.h",
			"MU",
			"FKC5CFB2CV/moc_framelesshelper_win.cpp",
			null
		],
		[
			"C:/Users/18604/Documents/framelesshelpers/framelesshelper-2.3.6/include/FramelessHelper/Core/framelesshelper_windows.h",
			"MU",
			"FKC5CFB2CV/moc_framelesshelper_windows.cpp",
			null
		],
		[
			"C:/Users/18604/Documents/framelesshelpers/framelesshelper-2.3.6/include/FramelessHelper/Core/framelesshelpercore_global.h",
			"MU",
			"FKC5CFB2CV/moc_framelesshelpercore_global.cpp",
			null
		],
		[
			"C:/Users/18604/Documents/framelesshelpers/framelesshelper-2.3.6/include/FramelessHelper/Core/framelessmanager.h",
			"MU",
			"FKC5CFB2CV/moc_framelessmanager.cpp",
			null
		],
		[
			"C:/Users/18604/Documents/framelesshelpers/framelesshelper-2.3.6/include/FramelessHelper/Core/micamaterial.h",
			"MU",
			"FKC5CFB2CV/moc_micamaterial.cpp",
			null
		],
		[
			"C:/Users/18604/Documents/framelesshelpers/framelesshelper-2.3.6/include/FramelessHelper/Core/private/chromepalette_p.h",
			"MU",
			"ROKUWO2WCI/moc_chromepalette_p.cpp",
			null
		],
		[
			"C:/Users/18604/Documents/framelesshelpers/framelesshelper-2.3.6/include/FramelessHelper/Core/private/framelessconfig_p.h",
			"MU",
			"ROKUWO2WCI/moc_framelessconfig_p.cpp",
			null
		],
		[
			"C:/Users/18604/Documents/framelesshelpers/framelesshelper-2.3.6/include/FramelessHelper/Core/private/framelesshelpercore_global_p.h",
			"MU",
			"ROKUWO2WCI/moc_framelesshelpercore_global_p.cpp",
			null
		],
		[
			"C:/Users/18604/Documents/framelesshelpers/framelesshelper-2.3.6/include/FramelessHelper/Core/private/framelessmanager_p.h",
			"MU",
			"ROKUWO2WCI/moc_framelessmanager_p.cpp",
			null
		],
		[
			"C:/Users/18604/Documents/framelesshelpers/framelesshelper-2.3.6/include/FramelessHelper/Core/private/micamaterial_p.h",
			"MU",
			"ROKUWO2WCI/moc_micamaterial_p.cpp",
			null
		],
		[
			"C:/Users/18604/Documents/framelesshelpers/framelesshelper-2.3.6/include/FramelessHelper/Core/private/registrykey_p.h",
			"MU",
			"ROKUWO2WCI/moc_registrykey_p.cpp",
			null
		],
		[
			"C:/Users/18604/Documents/framelesshelpers/framelesshelper-2.3.6/include/FramelessHelper/Core/private/scopeguard_p.h",
			"MU",
			"ROKUWO2WCI/moc_scopeguard_p.cpp",
			null
		],
		[
			"C:/Users/18604/Documents/framelesshelpers/framelesshelper-2.3.6/include/FramelessHelper/Core/private/sysapiloader_p.h",
			"MU",
			"ROKUWO2WCI/moc_sysapiloader_p.cpp",
			null
		],
		[
			"C:/Users/18604/Documents/framelesshelpers/framelesshelper-2.3.6/include/FramelessHelper/Core/private/versionnumber_p.h",
			"MU",
			"ROKUWO2WCI/moc_versionnumber_p.cpp",
			null
		],
		[
			"C:/Users/18604/Documents/framelesshelpers/framelesshelper-2.3.6/include/FramelessHelper/Core/private/windowborderpainter_p.h",
			"MU",
			"ROKUWO2WCI/moc_windowborderpainter_p.cpp",
			null
		],
		[
			"C:/Users/18604/Documents/framelesshelpers/framelesshelper-2.3.6/include/FramelessHelper/Core/private/winverhelper_p.h",
			"MU",
			"ROKUWO2WCI/moc_winverhelper_p.cpp",
			null
		],
		[
			"C:/Users/18604/Documents/framelesshelpers/framelesshelper-2.3.6/include/FramelessHelper/Core/utils.h",
			"MU",
			"FKC5CFB2CV/moc_utils.cpp",
			null
		],
		[
			"C:/Users/18604/Documents/framelesshelpers/framelesshelper-2.3.6/include/FramelessHelper/Core/windowborderpainter.h",
			"MU",
			"FKC5CFB2CV/moc_windowborderpainter.cpp",
			null
		],
		[
			"C:/Users/18604/Documents/framelesshelpers/framelesshelper-2.3.6/src/core/chromepalette.h",
			"MU",
			"EWIEGA46WW/moc_chromepalette.cpp",
			null
		],
		[
			"C:/Users/18604/Documents/framelesshelpers/framelesshelper-2.3.6/src/core/chromepalette_p.h",
			"MU",
			"EWIEGA46WW/moc_chromepalette_p.cpp",
			null
		],
		[
			"C:/Users/18604/Documents/framelesshelpers/framelesshelper-2.3.6/src/core/framelessconfig_p.h",
			"MU",
			"EWIEGA46WW/moc_framelessconfig_p.cpp",
			null
		],
		[
			"C:/Users/18604/Documents/framelesshelpers/framelesshelper-2.3.6/src/core/framelesshelper_qt.h",
			"MU",
			"EWIEGA46WW/moc_framelesshelper_qt.cpp",
			null
		],
		[
			"C:/Users/18604/Documents/framelesshelpers/framelesshelper-2.3.6/src/core/framelesshelper_win.h",
			"MU",
			"EWIEGA46WW/moc_framelesshelper_win.cpp",
			null
		],
		[
			"C:/Users/18604/Documents/framelesshelpers/framelesshelper-2.3.6/src/core/framelesshelpercore_global.h",
			"MU",
			"EWIEGA46WW/moc_framelesshelpercore_global.cpp",
			null
		],
		[
			"C:/Users/18604/Documents/framelesshelpers/framelesshelper-2.3.6/src/core/framelesshelpercore_global_p.h",
			"MU",
			"EWIEGA46WW/moc_framelesshelpercore_global_p.cpp",
			null
		],
		[
			"C:/Users/18604/Documents/framelesshelpers/framelesshelper-2.3.6/src/core/framelessmanager.h",
			"MU",
			"EWIEGA46WW/moc_framelessmanager.cpp",
			null
		],
		[
			"C:/Users/18604/Documents/framelesshelpers/framelesshelper-2.3.6/src/core/framelessmanager_p.h",
			"MU",
			"EWIEGA46WW/moc_framelessmanager_p.cpp",
			null
		],
		[
			"C:/Users/18604/Documents/framelesshelpers/framelesshelper-2.3.6/src/core/micamaterial.h",
			"MU",
			"EWIEGA46WW/moc_micamaterial.cpp",
			null
		],
		[
			"C:/Users/18604/Documents/framelesshelpers/framelesshelper-2.3.6/src/core/micamaterial_p.h",
			"MU",
			"EWIEGA46WW/moc_micamaterial_p.cpp",
			null
		],
		[
			"C:/Users/18604/Documents/framelesshelpers/framelesshelper-2.3.6/src/core/registrykey_p.h",
			"MU",
			"EWIEGA46WW/moc_registrykey_p.cpp",
			null
		],
		[
			"C:/Users/18604/Documents/framelesshelpers/framelesshelper-2.3.6/src/core/sysapiloader_p.h",
			"MU",
			"EWIEGA46WW/moc_sysapiloader_p.cpp",
			null
		],
		[
			"C:/Users/18604/Documents/framelesshelpers/framelesshelper-2.3.6/src/core/utils.h",
			"MU",
			"EWIEGA46WW/moc_utils.cpp",
			null
		],
		[
			"C:/Users/18604/Documents/framelesshelpers/framelesshelper-2.3.6/src/core/windowborderpainter.h",
			"MU",
			"EWIEGA46WW/moc_windowborderpainter.cpp",
			null
		],
		[
			"C:/Users/18604/Documents/framelesshelpers/framelesshelper-2.3.6/src/core/windowborderpainter_p.h",
			"MU",
			"EWIEGA46WW/moc_windowborderpainter_p.cpp",
			null
		],
		[
			"C:/Users/18604/Documents/framelesshelpers/framelesshelper-2.3.6/src/core/winverhelper_p.h",
			"MU",
			"EWIEGA46WW/moc_winverhelper_p.cpp",
			null
		]
	],
	"HEADER_EXTENSIONS" : [ "h", "hh", "h++", "hm", "hpp", "hxx", "in", "txx" ],
	"INCLUDE_DIR" : "C:/Users/18604/Documents/framelesshelpers/framelesshelperBuild/src/core/FramelessHelperCore_autogen/include",
	"MOC_COMPILATION_FILE" : "C:/Users/18604/Documents/framelesshelpers/framelesshelperBuild/src/core/FramelessHelperCore_autogen/mocs_compilation.cpp",
	"MOC_DEFINITIONS" : 
	[
		"FRAMELESSHELPER_CORE_LIBRARY",
		"FramelessHelperCore_EXPORTS",
		"MINGW_HAS_SECURE_API=1",
		"QT_CORE_LIB",
		"QT_DEPRECATED_WARNINGS",
		"QT_DEPRECATED_WARNINGS_SINCE=0x070000",
		"QT_EXPLICIT_QFILE_CONSTRUCTION_FROM_PATH",
		"QT_GUI_LIB",
		"QT_NO_AS_CONST",
		"QT_NO_CAST_FROM_ASCII",
		"QT_NO_CAST_FROM_BYTEARRAY",
		"QT_NO_CAST_TO_ASCII",
		"QT_NO_CONTEXTLESS_CONNECT",
		"QT_NO_DEBUG",
		"QT_NO_FOREACH",
		"QT_NO_JAVA_STYLE_ITERATORS",
		"QT_NO_KEYWORDS",
		"QT_NO_NARROWING_CONVERSIONS_IN_CONNECT",
		"QT_NO_QEXCHANGE",
		"QT_NO_URL_CAST_FROM_STRING",
		"QT_NO_USING_NAMESPACE",
		"QT_USE_FAST_OPERATOR_PLUS",
		"QT_USE_QSTRINGBUILDER",
		"QT_WARN_DEPRECATED_UP_TO=0x070000",
		"UNICODE",
		"WIN32",
		"WIN64",
		"_ENABLE_EXTENDED_ALIGNED_STORAGE",
		"_UNICODE",
		"_WIN64"
	],
	"MOC_DEPEND_FILTERS" : 
	[
		[
			"Q_PLUGIN_METADATA",
			"[\n][ \t]*Q_PLUGIN_METADATA[ \t]*\\([^\\)]*FILE[ \t]*\"([^\"]+)\""
		]
	],
	"MOC_INCLUDES" : 
	[
		"C:/Users/18604/Documents/framelesshelpers/framelesshelperBuild/src/core",
		"C:/Users/18604/Documents/framelesshelpers/framelesshelper-2.3.6/src/core",
		"C:/Users/18604/Documents/framelesshelpers/framelesshelper-2.3.6/include",
		"C:/Users/18604/Documents/framelesshelpers/framelesshelper-2.3.6/include/FramelessHelper/Core",
		"C:/Users/18604/Documents/framelesshelpers/framelesshelper-2.3.6/include/FramelessHelper/Core/private",
		"C:/Qt/6.5.2/mingw_64/include/QtCore/6.5.2",
		"C:/Qt/6.5.2/mingw_64/include/QtCore/6.5.2/QtCore",
		"C:/Qt/6.5.2/mingw_64/include/QtCore",
		"C:/Qt/6.5.2/mingw_64/include",
		"C:/Qt/6.5.2/mingw_64/mkspecs/win32-g++",
		"C:/Qt/6.5.2/mingw_64/include/QtGui/6.5.2",
		"C:/Qt/6.5.2/mingw_64/include/QtGui/6.5.2/QtGui",
		"C:/Qt/6.5.2/mingw_64/include/QtGui",
		"C:/VulkanSDK/1.3.231.1/Include",
		"C:/msys64/mingw64/include/c++/13.2.0",
		"C:/msys64/mingw64/include/c++/13.2.0/x86_64-w64-mingw32",
		"C:/msys64/mingw64/include/c++/13.2.0/backward",
		"C:/msys64/mingw64/lib/gcc/x86_64-w64-mingw32/13.2.0/include",
		"C:/msys64/mingw64/include",
		"C:/msys64/mingw64/lib/gcc/x86_64-w64-mingw32/13.2.0/include-fixed"
	],
	"MOC_MACRO_NAMES" : 
	[
		"Q_OBJECT",
		"Q_GADGET",
		"Q_NAMESPACE",
		"Q_NAMESPACE_EXPORT",
		"Q_GADGET_EXPORT"
	],
	"MOC_OPTIONS" : [],
	"MOC_PATH_PREFIX" : false,
	"MOC_PREDEFS_CMD" : 
	[
		"C:/msys64/mingw64/bin/c++.exe",
		"-dM",
		"-E",
		"-c",
		"C:/Program Files/CMake/share/cmake-3.20/Modules/CMakeCXXCompilerABI.cpp"
	],
	"MOC_PREDEFS_FILE" : "C:/Users/18604/Documents/framelesshelpers/framelesshelperBuild/src/core/FramelessHelperCore_autogen/moc_predefs.h",
	"MOC_RELAXED_MODE" : false,
	"MOC_SKIP" : 
	[
		"C:/Users/18604/Documents/framelesshelpers/framelesshelperBuild/src/core/.rcc/qrc_framelesshelpercore.cpp"
	],
	"MULTI_CONFIG" : false,
	"PARALLEL" : 16,
	"PARSE_CACHE_FILE" : "C:/Users/18604/Documents/framelesshelpers/framelesshelperBuild/src/core/CMakeFiles/FramelessHelperCore_autogen.dir/ParseCache.txt",
	"QT_MOC_EXECUTABLE" : "C:/Qt/6.5.2/mingw_64/./bin/moc.exe",
	"QT_UIC_EXECUTABLE" : "C:/Qt/6.5.2/mingw_64/./bin/uic.exe",
	"QT_VERSION_MAJOR" : 6,
	"QT_VERSION_MINOR" : 5,
	"SETTINGS_FILE" : "C:/Users/18604/Documents/framelesshelpers/framelesshelperBuild/src/core/CMakeFiles/FramelessHelperCore_autogen.dir/AutogenUsed.txt",
	"SOURCES" : 
	[
		[
			"C:/Users/18604/Documents/framelesshelpers/framelesshelper-2.3.6/src/core/chromepalette.cpp",
			"MU",
			null
		],
		[
			"C:/Users/18604/Documents/framelesshelpers/framelesshelper-2.3.6/src/core/framelessconfig.cpp",
			"MU",
			null
		],
		[
			"C:/Users/18604/Documents/framelesshelpers/framelesshelper-2.3.6/src/core/framelesshelper_qt.cpp",
			"MU",
			null
		],
		[
			"C:/Users/18604/Documents/framelesshelpers/framelesshelper-2.3.6/src/core/framelesshelper_win.cpp",
			"MU",
			null
		],
		[
			"C:/Users/18604/Documents/framelesshelpers/framelesshelper-2.3.6/src/core/framelesshelpercore_global.cpp",
			"MU",
			null
		],
		[
			"C:/Users/18604/Documents/framelesshelpers/framelesshelper-2.3.6/src/core/framelessmanager.cpp",
			"MU",
			null
		],
		[
			"C:/Users/18604/Documents/framelesshelpers/framelesshelper-2.3.6/src/core/micamaterial.cpp",
			"MU",
			null
		],
		[
			"C:/Users/18604/Documents/framelesshelpers/framelesshelper-2.3.6/src/core/platformsupport_win.cpp",
			"MU",
			null
		],
		[
			"C:/Users/18604/Documents/framelesshelpers/framelesshelper-2.3.6/src/core/registrykey.cpp",
			"MU",
			null
		],
		[
			"C:/Users/18604/Documents/framelesshelpers/framelesshelper-2.3.6/src/core/sysapiloader.cpp",
			"MU",
			null
		],
		[
			"C:/Users/18604/Documents/framelesshelpers/framelesshelper-2.3.6/src/core/utils.cpp",
			"MU",
			null
		],
		[
			"C:/Users/18604/Documents/framelesshelpers/framelesshelper-2.3.6/src/core/utils_win.cpp",
			"MU",
			null
		],
		[
			"C:/Users/18604/Documents/framelesshelpers/framelesshelper-2.3.6/src/core/windowborderpainter.cpp",
			"MU",
			null
		],
		[
			"C:/Users/18604/Documents/framelesshelpers/framelesshelper-2.3.6/src/core/winverhelper.cpp",
			"MU",
			null
		]
	],
	"UIC_OPTIONS" : [],
	"UIC_SEARCH_PATHS" : [],
	"UIC_SKIP" : 
	[
		"C:/Users/18604/Documents/framelesshelpers/framelesshelperBuild/src/core/.rcc/qrc_framelesshelpercore.cpp"
	],
	"UIC_UI_FILES" : [],
	"VERBOSITY" : 0
}
