{
	"BUILD_DIR" : "/Users/mikeyang/Documents/pdm/pdmQt/lib/framelesshelperBuild/src/quick/FramelessHelperQuickplugin_autogen",
	"CMAKE_BINARY_DIR" : "/Users/mikeyang/Documents/pdm/pdmQt/lib/framelesshelperBuild",
	"CMAKE_CURRENT_BINARY_DIR" : "/Users/mikeyang/Documents/pdm/pdmQt/lib/framelesshelperBuild/src/quick",
	"CMAKE_CURRENT_SOURCE_DIR" : "/Users/mikeyang/Documents/pdm/pdmQt/lib/framelesshelper/src/quick",
	"CMAKE_EXECUTABLE" : "/opt/homebrew/Cellar/cmake/3.26.4/bin/cmake",
	"CMAKE_LIST_FILES" : 
	[
		"/Users/mikeyang/Documents/pdm/pdmQt/lib/framelesshelper/src/quick/CMakeLists.txt",
		"/Users/mikeyang/Qt/6.5.1/macos/lib/cmake/Qt6/Qt6ConfigVersion.cmake",
		"/Users/mikeyang/Qt/6.5.1/macos/lib/cmake/Qt6/Qt6ConfigVersionImpl.cmake",
		"/Users/mikeyang/Qt/6.5.1/macos/lib/cmake/Qt6/Qt6Config.cmake",
		"/Users/mikeyang/Qt/6.5.1/macos/lib/cmake/Qt6/Qt6ConfigExtras.cmake",
		"/Users/mikeyang/Qt/6.5.1/macos/lib/cmake/Qt6/QtPublicCMakeVersionHelpers.cmake",
		"/Users/mikeyang/Qt/6.5.1/macos/lib/cmake/Qt6/Qt6Targets.cmake",
		"/Users/mikeyang/Qt/6.5.1/macos/lib/cmake/Qt6/Qt6VersionlessTargets.cmake",
		"/Users/mikeyang/Qt/6.5.1/macos/lib/cmake/Qt6/QtFeature.cmake",
		"/Users/mikeyang/Qt/6.5.1/macos/lib/cmake/Qt6/QtFeatureCommon.cmake",
		"/opt/homebrew/Cellar/cmake/3.26.4/share/cmake/Modules/CheckCXXCompilerFlag.cmake",
		"/Users/mikeyang/Qt/6.5.1/macos/lib/cmake/Qt6/QtPublicAppleHelpers.cmake",
		"/Users/mikeyang/Qt/6.5.1/macos/lib/cmake/Qt6/QtPublicFinalizerHelpers.cmake",
		"/Users/mikeyang/Qt/6.5.1/macos/lib/cmake/Qt6/QtPublicPluginHelpers.cmake",
		"/Users/mikeyang/Qt/6.5.1/macos/lib/cmake/Qt6/QtPublicTargetHelpers.cmake",
		"/Users/mikeyang/Qt/6.5.1/macos/lib/cmake/Qt6/QtPublicWalkLibsHelpers.cmake",
		"/Users/mikeyang/Qt/6.5.1/macos/lib/cmake/Qt6/QtPublicFindPackageHelpers.cmake",
		"/Users/mikeyang/Qt/6.5.1/macos/lib/cmake/Qt6/QtPublicDependencyHelpers.cmake",
		"/Users/mikeyang/Qt/6.5.1/macos/lib/cmake/Qt6/QtPublicTestHelpers.cmake",
		"/Users/mikeyang/Qt/6.5.1/macos/lib/cmake/Qt6/QtPublicToolHelpers.cmake",
		"/Users/mikeyang/Qt/6.5.1/macos/lib/cmake/Qt6/QtPublicCMakeHelpers.cmake",
		"/opt/homebrew/Cellar/cmake/3.26.4/share/cmake/Modules/CMakeFindDependencyMacro.cmake",
		"/Users/mikeyang/Qt/6.5.1/macos/lib/cmake/Qt6/Qt6Dependencies.cmake",
		"/Users/mikeyang/Qt/6.5.1/macos/lib/cmake/Qt6/Qt6ConfigVersion.cmake",
		"/Users/mikeyang/Qt/6.5.1/macos/lib/cmake/Qt6/Qt6ConfigVersionImpl.cmake",
		"/Users/mikeyang/Qt/6.5.1/macos/lib/cmake/Qt6/Qt6Config.cmake",
		"/Users/mikeyang/Qt/6.5.1/macos/lib/cmake/Qt6/Qt6ConfigExtras.cmake",
		"/Users/mikeyang/Qt/6.5.1/macos/lib/cmake/Qt6/QtPublicCMakeVersionHelpers.cmake",
		"/Users/mikeyang/Qt/6.5.1/macos/lib/cmake/Qt6/Qt6Targets.cmake",
		"/Users/mikeyang/Qt/6.5.1/macos/lib/cmake/Qt6/Qt6VersionlessTargets.cmake",
		"/Users/mikeyang/Qt/6.5.1/macos/lib/cmake/Qt6/QtFeature.cmake",
		"/Users/mikeyang/Qt/6.5.1/macos/lib/cmake/Qt6/QtFeatureCommon.cmake",
		"/opt/homebrew/Cellar/cmake/3.26.4/share/cmake/Modules/CheckCXXCompilerFlag.cmake",
		"/Users/mikeyang/Qt/6.5.1/macos/lib/cmake/Qt6/QtPublicAppleHelpers.cmake",
		"/Users/mikeyang/Qt/6.5.1/macos/lib/cmake/Qt6/QtPublicFinalizerHelpers.cmake",
		"/Users/mikeyang/Qt/6.5.1/macos/lib/cmake/Qt6/QtPublicPluginHelpers.cmake",
		"/Users/mikeyang/Qt/6.5.1/macos/lib/cmake/Qt6/QtPublicTargetHelpers.cmake",
		"/Users/mikeyang/Qt/6.5.1/macos/lib/cmake/Qt6/QtPublicWalkLibsHelpers.cmake",
		"/Users/mikeyang/Qt/6.5.1/macos/lib/cmake/Qt6/QtPublicFindPackageHelpers.cmake",
		"/Users/mikeyang/Qt/6.5.1/macos/lib/cmake/Qt6/QtPublicDependencyHelpers.cmake",
		"/Users/mikeyang/Qt/6.5.1/macos/lib/cmake/Qt6/QtPublicTestHelpers.cmake",
		"/Users/mikeyang/Qt/6.5.1/macos/lib/cmake/Qt6/QtPublicToolHelpers.cmake",
		"/Users/mikeyang/Qt/6.5.1/macos/lib/cmake/Qt6/QtPublicCMakeHelpers.cmake",
		"/opt/homebrew/Cellar/cmake/3.26.4/share/cmake/Modules/CMakeFindDependencyMacro.cmake",
		"/Users/mikeyang/Qt/6.5.1/macos/lib/cmake/Qt6/Qt6Dependencies.cmake",
		"/Users/mikeyang/Qt/6.5.1/macos/lib/cmake/Qt6QuickTemplates2/Qt6QuickTemplates2ConfigVersion.cmake",
		"/Users/mikeyang/Qt/6.5.1/macos/lib/cmake/Qt6QuickTemplates2/Qt6QuickTemplates2ConfigVersionImpl.cmake",
		"/Users/mikeyang/Qt/6.5.1/macos/lib/cmake/Qt6QuickTemplates2/Qt6QuickTemplates2Config.cmake",
		"/opt/homebrew/Cellar/cmake/3.26.4/share/cmake/Modules/CMakeFindDependencyMacro.cmake",
		"/Users/mikeyang/Qt/6.5.1/macos/lib/cmake/Qt6QuickTemplates2/Qt6QuickTemplates2Dependencies.cmake",
		"/Users/mikeyang/Qt/6.5.1/macos/lib/cmake/Qt6QuickTemplates2/Qt6QuickTemplates2Targets.cmake",
		"/Users/mikeyang/Qt/6.5.1/macos/lib/cmake/Qt6QuickTemplates2/Qt6QuickTemplates2Targets-relwithdebinfo.cmake",
		"/Users/mikeyang/Qt/6.5.1/macos/lib/cmake/Qt6QuickTemplates2/Qt6QuickTemplates2AdditionalTargetInfo.cmake",
		"/Users/mikeyang/Qt/6.5.1/macos/lib/cmake/Qt6QuickTemplates2/Qt6QuickTemplates2VersionlessTargets.cmake",
		"/Users/mikeyang/Qt/6.5.1/macos/lib/cmake/Qt6QuickControls2/Qt6QuickControls2ConfigVersion.cmake",
		"/Users/mikeyang/Qt/6.5.1/macos/lib/cmake/Qt6QuickControls2/Qt6QuickControls2ConfigVersionImpl.cmake",
		"/Users/mikeyang/Qt/6.5.1/macos/lib/cmake/Qt6QuickControls2/Qt6QuickControls2Config.cmake",
		"/opt/homebrew/Cellar/cmake/3.26.4/share/cmake/Modules/CMakeFindDependencyMacro.cmake",
		"/Users/mikeyang/Qt/6.5.1/macos/lib/cmake/Qt6QuickControls2/Qt6QuickControls2Dependencies.cmake",
		"/Users/mikeyang/Qt/6.5.1/macos/lib/cmake/Qt6QuickControls2/Qt6QuickControls2Targets.cmake",
		"/Users/mikeyang/Qt/6.5.1/macos/lib/cmake/Qt6QuickControls2/Qt6QuickControls2Targets-relwithdebinfo.cmake",
		"/Users/mikeyang/Qt/6.5.1/macos/lib/cmake/Qt6QuickControls2/Qt6QuickControls2AdditionalTargetInfo.cmake",
		"/Users/mikeyang/Qt/6.5.1/macos/lib/cmake/Qt6QuickControls2/Qt6QuickControls2VersionlessTargets.cmake",
		"/Users/mikeyang/Qt/6.5.1/macos/lib/cmake/Qt6Core/Qt6CoreConfigureFileTemplate.in",
		"/Users/mikeyang/Qt/6.5.1/macos/lib/cmake/Qt6Qml/Qt6QmlPluginTemplate.cpp.in",
		"/Users/mikeyang/Qt/6.5.1/macos/lib/cmake/Qt6Qml/Qt6QmlModuleDirMappingTemplate.qrc.in",
		"/opt/homebrew/Cellar/cmake/3.26.4/share/cmake/Modules/GNUInstallDirs.cmake",
		"/opt/homebrew/Cellar/cmake/3.26.4/share/cmake/Modules/GNUInstallDirs.cmake",
		"/opt/homebrew/Cellar/cmake/3.26.4/share/cmake/Modules/GNUInstallDirs.cmake",
		"/opt/homebrew/Cellar/cmake/3.26.4/share/cmake/Modules/GNUInstallDirs.cmake",
		"/Users/mikeyang/Qt/6.5.1/macos/lib/cmake/Qt6Qml/Qt6qmldirTemplate.cmake.in"
	],
	"CMAKE_SOURCE_DIR" : "/Users/mikeyang/Documents/pdm/pdmQt/lib/framelesshelper",
	"DEP_FILE" : "/Users/mikeyang/Documents/pdm/pdmQt/lib/framelesshelperBuild/src/quick/FramelessHelperQuickplugin_autogen/deps",
	"DEP_FILE_RULE_NAME" : "FramelessHelperQuickplugin_autogen/timestamp",
	"HEADERS" : [],
	"HEADER_EXTENSIONS" : [ "h", "hh", "h++", "hm", "hpp", "hxx", "in", "txx" ],
	"INCLUDE_DIR" : "/Users/mikeyang/Documents/pdm/pdmQt/lib/framelesshelperBuild/src/quick/FramelessHelperQuickplugin_autogen/include",
	"MOC_COMPILATION_FILE" : "/Users/mikeyang/Documents/pdm/pdmQt/lib/framelesshelperBuild/src/quick/FramelessHelperQuickplugin_autogen/mocs_compilation.cpp",
	"MOC_DEFINITIONS" : 
	[
		"FramelessHelperQuickplugin_EXPORTS",
		"QT_CORE_LIB",
		"QT_DEPRECATED_WARNINGS",
		"QT_NETWORK_LIB",
		"QT_NO_DEBUG",
		"QT_PLUGIN",
		"QT_QMLINTEGRATION_LIB",
		"QT_QML_LIB"
	],
	"MOC_DEPEND_FILTERS" : 
	[
		[
			"Q_PLUGIN_METADATA",
			"[\n][ \t]*Q_PLUGIN_METADATA[ \t]*\\([^\\)]*FILE[ \t]*\"([^\"]+)\""
		]
	],
	"MOC_INCLUDES" : 
	[
		"/Users/mikeyang/Documents/pdm/pdmQt/lib/framelesshelperBuild/src/quick",
		"/Users/mikeyang/Documents/pdm/pdmQt/lib/framelesshelper/src/quick",
		"/Users/mikeyang/Documents/pdm/pdmQt/lib/framelesshelper/include",
		"/Users/mikeyang/Documents/pdm/pdmQt/lib/framelesshelper/include/FramelessHelper/Quick",
		"/Users/mikeyang/Documents/pdm/pdmQt/lib/framelesshelper/include/FramelessHelper/Quick/private",
		"/Users/mikeyang/Documents/pdm/pdmQt/lib/framelesshelper/include",
		"/Users/mikeyang/Documents/pdm/pdmQt/lib/framelesshelper/include/FramelessHelper/Core",
		"/Users/mikeyang/Documents/pdm/pdmQt/lib/framelesshelper/include/FramelessHelper/Core/private",
		"/Users/mikeyang/Documents/pdm/pdmQt/lib/framelesshelperBuild/src/core",
		"/Users/mikeyang/Qt/6.5.1/macos/lib/QtQml.framework/Headers",
		"/Users/mikeyang/Qt/6.5.1/macos/lib/QtQml.framework",
		"/Users/mikeyang/Qt/6.5.1/macos/lib/QtCore.framework/Headers",
		"/Users/mikeyang/Qt/6.5.1/macos/lib/QtCore.framework",
		"/Users/mikeyang/Qt/6.5.1/macos/mkspecs/macx-clang",
		"/Users/mikeyang/Qt/6.5.1/macos/include",
		"/Users/mikeyang/Qt/6.5.1/macos/include/QtQmlIntegration",
		"/Users/mikeyang/Qt/6.5.1/macos/lib/QtNetwork.framework/Headers",
		"/Users/mikeyang/Qt/6.5.1/macos/lib/QtNetwork.framework",
		"/Applications/Xcode.app/Contents/Developer/Platforms/MacOSX.platform/Developer/SDKs/MacOSX13.3.sdk/usr/include/c++/v1",
		"/Applications/Xcode.app/Contents/Developer/Toolchains/XcodeDefault.xctoolchain/usr/lib/clang/14.0.3/include",
		"/Applications/Xcode.app/Contents/Developer/Platforms/MacOSX.platform/Developer/SDKs/MacOSX13.3.sdk/usr/include",
		"/Applications/Xcode.app/Contents/Developer/Toolchains/XcodeDefault.xctoolchain/usr/include"
	],
	"MOC_MACRO_NAMES" : 
	[
		"Q_OBJECT",
		"Q_GADGET",
		"Q_NAMESPACE",
		"Q_NAMESPACE_EXPORT",
		"Q_GADGET_EXPORT"
	],
	"MOC_OPTIONS" : [ "-Muri=org.wangwenx190.FramelessHelper" ],
	"MOC_PATH_PREFIX" : false,
	"MOC_PREDEFS_CMD" : 
	[
		"/Applications/Xcode.app/Contents/Developer/Toolchains/XcodeDefault.xctoolchain/usr/bin/c++",
		"-dM",
		"-E",
		"-c",
		"/opt/homebrew/Cellar/cmake/3.26.4/share/cmake/Modules/CMakeCXXCompilerABI.cpp"
	],
	"MOC_PREDEFS_FILE" : "/Users/mikeyang/Documents/pdm/pdmQt/lib/framelesshelperBuild/src/quick/FramelessHelperQuickplugin_autogen/moc_predefs.h",
	"MOC_RELAXED_MODE" : false,
	"MOC_SKIP" : 
	[
		"/Users/mikeyang/Documents/pdm/pdmQt/lib/framelesshelperBuild/src/quick/.rcc/qrc_qmake_org_wangwenx190_FramelessHelper.cpp",
		"/Users/mikeyang/Documents/pdm/pdmQt/lib/framelesshelperBuild/src/quick/FramelessHelperQuick_autogen/mocs_compilation.cpp",
		"/Users/mikeyang/Documents/pdm/pdmQt/lib/framelesshelperBuild/src/quick/framelesshelperquick_qmltyperegistrations.cpp"
	],
	"MULTI_CONFIG" : false,
	"PARALLEL" : 12,
	"PARSE_CACHE_FILE" : "/Users/mikeyang/Documents/pdm/pdmQt/lib/framelesshelperBuild/src/quick/CMakeFiles/FramelessHelperQuickplugin_autogen.dir/ParseCache.txt",
	"QT_MOC_EXECUTABLE" : "/Users/mikeyang/Qt/6.5.1/macos/./libexec/moc",
	"QT_UIC_EXECUTABLE" : "/Users/mikeyang/Qt/6.5.1/macos/./libexec/uic",
	"QT_VERSION_MAJOR" : 6,
	"QT_VERSION_MINOR" : 5,
	"SETTINGS_FILE" : "/Users/mikeyang/Documents/pdm/pdmQt/lib/framelesshelperBuild/src/quick/CMakeFiles/FramelessHelperQuickplugin_autogen.dir/AutogenUsed.txt",
	"SOURCES" : 
	[
		[
			"/Users/mikeyang/Documents/pdm/pdmQt/lib/framelesshelperBuild/src/quick/FramelessHelperQuickplugin_org_wangwenx190_FramelessHelperPlugin.cpp",
			"MU",
			null
		]
	],
	"UIC_OPTIONS" : [],
	"UIC_SEARCH_PATHS" : [],
	"UIC_SKIP" : 
	[
		"/Users/mikeyang/Documents/pdm/pdmQt/lib/framelesshelperBuild/src/quick/.rcc/qrc_qmake_org_wangwenx190_FramelessHelper.cpp",
		"/Users/mikeyang/Documents/pdm/pdmQt/lib/framelesshelperBuild/src/quick/FramelessHelperQuick_autogen/mocs_compilation.cpp",
		"/Users/mikeyang/Documents/pdm/pdmQt/lib/framelesshelperBuild/src/quick/framelesshelperquick_qmltyperegistrations.cpp"
	],
	"UIC_UI_FILES" : [],
	"VERBOSITY" : 0
}
