{
    "classes": [
        {
            "classInfos": [
                {
                    "name": "QML.Element",
                    "value": "ImageItem"
                }
            ],
            "className": "QuickImageItem",
            "object": true,
            "properties": [
                {
                    "constant": false,
                    "designable": true,
                    "final": true,
                    "index": 0,
                    "name": "source",
                    "notify": "sourceChanged",
                    "read": "source",
                    "required": false,
                    "scriptable": true,
                    "stored": true,
                    "type": "QVariant",
                    "user": false,
                    "write": "setSource"
                }
            ],
            "qualifiedClassName": "wangwenx190::FramelessHelper::QuickImageItem",
            "signals": [
                {
                    "access": "public",
                    "name": "sourceChanged",
                    "returnType": "void"
                }
            ],
            "superClasses": [
                {
                    "access": "public",
                    "name": "QQuickPaintedItem"
                }
            ]
        }
    ],
    "inputFile": "quickimageitem.h",
    "outputRevision": 68
}
