{
    "classes": [
        {
            "classInfos": [
                {
                    "name": "QML.Element",
                    "value": "WindowBorder"
                }
            ],
            "className": "QuickWindowBorder",
            "object": true,
            "properties": [
                {
                    "constant": false,
                    "designable": true,
                    "final": true,
                    "index": 0,
                    "name": "thickness",
                    "notify": "thicknessChanged",
                    "read": "thickness",
                    "required": false,
                    "scriptable": true,
                    "stored": true,
                    "type": "qreal",
                    "user": false,
                    "write": "setThickness"
                },
                {
                    "constant": false,
                    "designable": true,
                    "final": true,
                    "index": 1,
                    "name": "edges",
                    "notify": "edgesChanged",
                    "read": "edges",
                    "required": false,
                    "scriptable": true,
                    "stored": true,
                    "type": "QuickGlobal::WindowEdges",
                    "user": false,
                    "write": "setEdges"
                },
                {
                    "constant": false,
                    "designable": true,
                    "final": true,
                    "index": 2,
                    "name": "activeColor",
                    "notify": "activeColorChanged",
                    "read": "activeColor",
                    "required": false,
                    "scriptable": true,
                    "stored": true,
                    "type": "QColor",
                    "user": false,
                    "write": "setActiveColor"
                },
                {
                    "constant": false,
                    "designable": true,
                    "final": true,
                    "index": 3,
                    "name": "inactiveColor",
                    "notify": "inactiveColorChanged",
                    "read": "inactiveColor",
                    "required": false,
                    "scriptable": true,
                    "stored": true,
                    "type": "QColor",
                    "user": false,
                    "write": "setInactiveColor"
                },
                {
                    "constant": false,
                    "designable": true,
                    "final": true,
                    "index": 4,
                    "name": "nativeThickness",
                    "notify": "nativeBorderChanged",
                    "read": "nativeThickness",
                    "required": false,
                    "scriptable": true,
                    "stored": true,
                    "type": "qreal",
                    "user": false
                },
                {
                    "constant": false,
                    "designable": true,
                    "final": true,
                    "index": 5,
                    "name": "nativeEdges",
                    "notify": "nativeBorderChanged",
                    "read": "nativeEdges",
                    "required": false,
                    "scriptable": true,
                    "stored": true,
                    "type": "QuickGlobal::WindowEdges",
                    "user": false
                },
                {
                    "constant": false,
                    "designable": true,
                    "final": true,
                    "index": 6,
                    "name": "nativeActiveColor",
                    "notify": "nativeBorderChanged",
                    "read": "nativeActiveColor",
                    "required": false,
                    "scriptable": true,
                    "stored": true,
                    "type": "QColor",
                    "user": false
                },
                {
                    "constant": false,
                    "designable": true,
                    "final": true,
                    "index": 7,
                    "name": "nativeInactiveColor",
                    "notify": "nativeBorderChanged",
                    "read": "nativeInactiveColor",
                    "required": false,
                    "scriptable": true,
                    "stored": true,
                    "type": "QColor",
                    "user": false
                }
            ],
            "qualifiedClassName": "wangwenx190::FramelessHelper::QuickWindowBorder",
            "signals": [
                {
                    "access": "public",
                    "name": "thicknessChanged",
                    "returnType": "void"
                },
                {
                    "access": "public",
                    "name": "edgesChanged",
                    "returnType": "void"
                },
                {
                    "access": "public",
                    "name": "activeColorChanged",
                    "returnType": "void"
                },
                {
                    "access": "public",
                    "name": "inactiveColorChanged",
                    "returnType": "void"
                },
                {
                    "access": "public",
                    "name": "nativeBorderChanged",
                    "returnType": "void"
                }
            ],
            "slots": [
                {
                    "access": "public",
                    "arguments": [
                        {
                            "name": "value",
                            "type": "qreal"
                        }
                    ],
                    "name": "setThickness",
                    "returnType": "void"
                },
                {
                    "access": "public",
                    "arguments": [
                        {
                            "name": "value",
                            "type": "QuickGlobal::WindowEdges"
                        }
                    ],
                    "name": "setEdges",
                    "returnType": "void"
                },
                {
                    "access": "public",
                    "arguments": [
                        {
                            "name": "value",
                            "type": "QColor"
                        }
                    ],
                    "name": "setActiveColor",
                    "returnType": "void"
                },
                {
                    "access": "public",
                    "arguments": [
                        {
                            "name": "value",
                            "type": "QColor"
                        }
                    ],
                    "name": "setInactiveColor",
                    "returnType": "void"
                }
            ],
            "superClasses": [
                {
                    "access": "public",
                    "name": "QQuickPaintedItem"
                }
            ]
        }
    ],
    "inputFile": "quickwindowborder.h",
    "outputRevision": 68
}
