{
    "classes": [
        {
            "classInfos": [
                {
                    "name": "QML.Element",
                    "value": "MicaMaterial"
                }
            ],
            "className": "QuickMicaMaterial",
            "object": true,
            "qualifiedClassName": "wangwenx190::FramelessHelper::QuickMicaMaterial",
            "superClasses": [
                {
                    "access": "public",
                    "name": "QQuickItem"
                }
            ]
        }
    ],
    "inputFile": "quickmicamaterial.h",
    "outputRevision": 68
}
