{
	"BUILD_DIR" : "C:/Users/18604/Documents/framelesshelpers/framelesshelperBuild/src/quick/FramelessHelperQuickplugin_autogen",
	"CMAKE_BINARY_DIR" : "C:/Users/18604/Documents/framelesshelpers/framelesshelperBuild",
	"CMAKE_CURRENT_BINARY_DIR" : "C:/Users/18604/Documents/framelesshelpers/framelesshelperBuild/src/quick",
	"CMAKE_CURRENT_SOURCE_DIR" : "C:/Users/18604/Documents/framelesshelpers/framelesshelper-2.3.6/src/quick",
	"CMAKE_EXECUTABLE" : "C:/Program Files/CMake/bin/cmake.exe",
	"CMAKE_LIST_FILES" : 
	[
		"C:/Users/18604/Documents/framelesshelpers/framelesshelper-2.3.6/src/quick/CMakeLists.txt",
		"C:/Program Files/CMake/share/cmake-3.20/Modules/GNUInstallDirs.cmake",
		"C:/Qt/6.5.2/mingw_64/lib/cmake/Qt6/Qt6ConfigVersion.cmake",
		"C:/Qt/6.5.2/mingw_64/lib/cmake/Qt6/Qt6ConfigVersionImpl.cmake",
		"C:/Qt/6.5.2/mingw_64/lib/cmake/Qt6/Qt6Config.cmake",
		"C:/Qt/6.5.2/mingw_64/lib/cmake/Qt6/Qt6ConfigExtras.cmake",
		"C:/Qt/6.5.2/mingw_64/lib/cmake/Qt6/QtPublicCMakeVersionHelpers.cmake",
		"C:/Qt/6.5.2/mingw_64/lib/cmake/Qt6/Qt6Targets.cmake",
		"C:/Qt/6.5.2/mingw_64/lib/cmake/Qt6/Qt6VersionlessTargets.cmake",
		"C:/Qt/6.5.2/mingw_64/lib/cmake/Qt6/QtFeature.cmake",
		"C:/Qt/6.5.2/mingw_64/lib/cmake/Qt6/QtFeatureCommon.cmake",
		"C:/Program Files/CMake/share/cmake-3.20/Modules/CheckCXXCompilerFlag.cmake",
		"C:/Qt/6.5.2/mingw_64/lib/cmake/Qt6/QtPublicAppleHelpers.cmake",
		"C:/Qt/6.5.2/mingw_64/lib/cmake/Qt6/QtPublicFinalizerHelpers.cmake",
		"C:/Qt/6.5.2/mingw_64/lib/cmake/Qt6/QtPublicPluginHelpers.cmake",
		"C:/Qt/6.5.2/mingw_64/lib/cmake/Qt6/QtPublicTargetHelpers.cmake",
		"C:/Qt/6.5.2/mingw_64/lib/cmake/Qt6/QtPublicWalkLibsHelpers.cmake",
		"C:/Qt/6.5.2/mingw_64/lib/cmake/Qt6/QtPublicFindPackageHelpers.cmake",
		"C:/Qt/6.5.2/mingw_64/lib/cmake/Qt6/QtPublicDependencyHelpers.cmake",
		"C:/Qt/6.5.2/mingw_64/lib/cmake/Qt6/QtPublicTestHelpers.cmake",
		"C:/Qt/6.5.2/mingw_64/lib/cmake/Qt6/QtPublicToolHelpers.cmake",
		"C:/Qt/6.5.2/mingw_64/lib/cmake/Qt6/QtPublicCMakeHelpers.cmake",
		"C:/Program Files/CMake/share/cmake-3.20/Modules/CMakeFindDependencyMacro.cmake",
		"C:/Qt/6.5.2/mingw_64/lib/cmake/Qt6/Qt6Dependencies.cmake",
		"C:/Program Files/CMake/share/cmake-3.20/Modules/FindThreads.cmake",
		"C:/Program Files/CMake/share/cmake-3.20/Modules/CheckLibraryExists.cmake",
		"C:/Program Files/CMake/share/cmake-3.20/Modules/CheckIncludeFile.cmake",
		"C:/Program Files/CMake/share/cmake-3.20/Modules/CheckCSourceCompiles.cmake",
		"C:/Program Files/CMake/share/cmake-3.20/Modules/FindPackageHandleStandardArgs.cmake",
		"C:/Program Files/CMake/share/cmake-3.20/Modules/FindPackageMessage.cmake",
		"C:/Qt/6.5.2/mingw_64/lib/cmake/Qt6/Qt6ConfigVersion.cmake",
		"C:/Qt/6.5.2/mingw_64/lib/cmake/Qt6/Qt6ConfigVersionImpl.cmake",
		"C:/Qt/6.5.2/mingw_64/lib/cmake/Qt6/Qt6Config.cmake",
		"C:/Qt/6.5.2/mingw_64/lib/cmake/Qt6/Qt6ConfigExtras.cmake",
		"C:/Qt/6.5.2/mingw_64/lib/cmake/Qt6/QtPublicCMakeVersionHelpers.cmake",
		"C:/Qt/6.5.2/mingw_64/lib/cmake/Qt6/Qt6Targets.cmake",
		"C:/Qt/6.5.2/mingw_64/lib/cmake/Qt6/Qt6VersionlessTargets.cmake",
		"C:/Qt/6.5.2/mingw_64/lib/cmake/Qt6/QtFeature.cmake",
		"C:/Qt/6.5.2/mingw_64/lib/cmake/Qt6/QtFeatureCommon.cmake",
		"C:/Program Files/CMake/share/cmake-3.20/Modules/CheckCXXCompilerFlag.cmake",
		"C:/Qt/6.5.2/mingw_64/lib/cmake/Qt6/QtPublicAppleHelpers.cmake",
		"C:/Qt/6.5.2/mingw_64/lib/cmake/Qt6/QtPublicFinalizerHelpers.cmake",
		"C:/Qt/6.5.2/mingw_64/lib/cmake/Qt6/QtPublicPluginHelpers.cmake",
		"C:/Qt/6.5.2/mingw_64/lib/cmake/Qt6/QtPublicTargetHelpers.cmake",
		"C:/Qt/6.5.2/mingw_64/lib/cmake/Qt6/QtPublicWalkLibsHelpers.cmake",
		"C:/Qt/6.5.2/mingw_64/lib/cmake/Qt6/QtPublicFindPackageHelpers.cmake",
		"C:/Qt/6.5.2/mingw_64/lib/cmake/Qt6/QtPublicDependencyHelpers.cmake",
		"C:/Qt/6.5.2/mingw_64/lib/cmake/Qt6/QtPublicTestHelpers.cmake",
		"C:/Qt/6.5.2/mingw_64/lib/cmake/Qt6/QtPublicToolHelpers.cmake",
		"C:/Qt/6.5.2/mingw_64/lib/cmake/Qt6/QtPublicCMakeHelpers.cmake",
		"C:/Program Files/CMake/share/cmake-3.20/Modules/CMakeFindDependencyMacro.cmake",
		"C:/Qt/6.5.2/mingw_64/lib/cmake/Qt6/Qt6Dependencies.cmake",
		"C:/Program Files/CMake/share/cmake-3.20/Modules/FindThreads.cmake",
		"C:/Program Files/CMake/share/cmake-3.20/Modules/CheckLibraryExists.cmake",
		"C:/Program Files/CMake/share/cmake-3.20/Modules/CheckIncludeFile.cmake",
		"C:/Program Files/CMake/share/cmake-3.20/Modules/CheckCSourceCompiles.cmake",
		"C:/Program Files/CMake/share/cmake-3.20/Modules/FindPackageHandleStandardArgs.cmake",
		"C:/Program Files/CMake/share/cmake-3.20/Modules/FindPackageMessage.cmake",
		"C:/Qt/6.5.2/mingw_64/lib/cmake/Qt6QuickTemplates2/Qt6QuickTemplates2ConfigVersion.cmake",
		"C:/Qt/6.5.2/mingw_64/lib/cmake/Qt6QuickTemplates2/Qt6QuickTemplates2ConfigVersionImpl.cmake",
		"C:/Qt/6.5.2/mingw_64/lib/cmake/Qt6QuickTemplates2/Qt6QuickTemplates2Config.cmake",
		"C:/Program Files/CMake/share/cmake-3.20/Modules/CMakeFindDependencyMacro.cmake",
		"C:/Qt/6.5.2/mingw_64/lib/cmake/Qt6QuickTemplates2/Qt6QuickTemplates2Dependencies.cmake",
		"C:/Qt/6.5.2/mingw_64/lib/cmake/Qt6QuickTemplates2/Qt6QuickTemplates2Targets.cmake",
		"C:/Qt/6.5.2/mingw_64/lib/cmake/Qt6QuickTemplates2/Qt6QuickTemplates2Targets-relwithdebinfo.cmake",
		"C:/Qt/6.5.2/mingw_64/lib/cmake/Qt6QuickTemplates2/Qt6QuickTemplates2AdditionalTargetInfo.cmake",
		"C:/Qt/6.5.2/mingw_64/lib/cmake/Qt6QuickTemplates2/Qt6QuickTemplates2VersionlessTargets.cmake",
		"C:/Qt/6.5.2/mingw_64/lib/cmake/Qt6QuickControls2/Qt6QuickControls2ConfigVersion.cmake",
		"C:/Qt/6.5.2/mingw_64/lib/cmake/Qt6QuickControls2/Qt6QuickControls2ConfigVersionImpl.cmake",
		"C:/Qt/6.5.2/mingw_64/lib/cmake/Qt6QuickControls2/Qt6QuickControls2Config.cmake",
		"C:/Program Files/CMake/share/cmake-3.20/Modules/CMakeFindDependencyMacro.cmake",
		"C:/Qt/6.5.2/mingw_64/lib/cmake/Qt6QuickControls2/Qt6QuickControls2Dependencies.cmake",
		"C:/Qt/6.5.2/mingw_64/lib/cmake/Qt6QuickControls2/Qt6QuickControls2Targets.cmake",
		"C:/Qt/6.5.2/mingw_64/lib/cmake/Qt6QuickControls2/Qt6QuickControls2Targets-relwithdebinfo.cmake",
		"C:/Qt/6.5.2/mingw_64/lib/cmake/Qt6QuickControls2/Qt6QuickControls2AdditionalTargetInfo.cmake",
		"C:/Qt/6.5.2/mingw_64/lib/cmake/Qt6QuickControls2/Qt6QuickControls2VersionlessTargets.cmake",
		"C:/Qt/6.5.2/mingw_64/lib/cmake/Qt6Core/Qt6CoreConfigureFileTemplate.in",
		"C:/Qt/6.5.2/mingw_64/lib/cmake/Qt6Qml/Qt6QmlPluginTemplate.cpp.in",
		"C:/Qt/6.5.2/mingw_64/lib/cmake/Qt6Qml/Qt6QmlModuleDirMappingTemplate.qrc.in",
		"C:/Users/18604/Documents/framelesshelpers/framelesshelper-2.3.6/FramelessHelperModuleConfig.cmake.in",
		"C:/Users/18604/Documents/framelesshelpers/framelesshelper-2.3.6/FramelessHelperModuleTargets.cmake.in",
		"C:/Qt/6.5.2/mingw_64/lib/cmake/Qt6Qml/Qt6qmldirTemplate.cmake.in"
	],
	"CMAKE_SOURCE_DIR" : "C:/Users/18604/Documents/framelesshelpers/framelesshelper-2.3.6",
	"DEP_FILE" : "C:/Users/18604/Documents/framelesshelpers/framelesshelperBuild/src/quick/FramelessHelperQuickplugin_autogen/deps",
	"DEP_FILE_RULE_NAME" : "FramelessHelperQuickplugin_autogen/timestamp",
	"HEADERS" : [],
	"HEADER_EXTENSIONS" : [ "h", "hh", "h++", "hm", "hpp", "hxx", "in", "txx" ],
	"INCLUDE_DIR" : "C:/Users/18604/Documents/framelesshelpers/framelesshelperBuild/src/quick/FramelessHelperQuickplugin_autogen/include",
	"MOC_COMPILATION_FILE" : "C:/Users/18604/Documents/framelesshelpers/framelesshelperBuild/src/quick/FramelessHelperQuickplugin_autogen/mocs_compilation.cpp",
	"MOC_DEFINITIONS" : 
	[
		"FramelessHelperQuickplugin_EXPORTS",
		"MINGW_HAS_SECURE_API=1",
		"QT_CORE_LIB",
		"QT_DEPRECATED_WARNINGS",
		"QT_NETWORK_LIB",
		"QT_NO_DEBUG",
		"QT_PLUGIN",
		"QT_QMLINTEGRATION_LIB",
		"QT_QML_LIB",
		"UNICODE",
		"WIN32",
		"WIN64",
		"_ENABLE_EXTENDED_ALIGNED_STORAGE",
		"_UNICODE",
		"_WIN64"
	],
	"MOC_DEPEND_FILTERS" : 
	[
		[
			"Q_PLUGIN_METADATA",
			"[\n][ \t]*Q_PLUGIN_METADATA[ \t]*\\([^\\)]*FILE[ \t]*\"([^\"]+)\""
		]
	],
	"MOC_INCLUDES" : 
	[
		"C:/Users/18604/Documents/framelesshelpers/framelesshelperBuild/src/quick",
		"C:/Users/18604/Documents/framelesshelpers/framelesshelper-2.3.6/src/quick",
		"C:/Users/18604/Documents/framelesshelpers/framelesshelper-2.3.6/include",
		"C:/Users/18604/Documents/framelesshelpers/framelesshelper-2.3.6/include/FramelessHelper/Quick",
		"C:/Users/18604/Documents/framelesshelpers/framelesshelper-2.3.6/include/FramelessHelper/Quick/private",
		"C:/Users/18604/Documents/framelesshelpers/framelesshelper-2.3.6/include",
		"C:/Users/18604/Documents/framelesshelpers/framelesshelper-2.3.6/include/FramelessHelper/Core",
		"C:/Users/18604/Documents/framelesshelpers/framelesshelper-2.3.6/include/FramelessHelper/Core/private",
		"C:/Users/18604/Documents/framelesshelpers/framelesshelperBuild/src/core",
		"C:/Qt/6.5.2/mingw_64/include/QtQml",
		"C:/Qt/6.5.2/mingw_64/include",
		"C:/Qt/6.5.2/mingw_64/include/QtCore",
		"C:/Qt/6.5.2/mingw_64/mkspecs/win32-g++",
		"C:/Qt/6.5.2/mingw_64/include/QtQmlIntegration",
		"C:/Qt/6.5.2/mingw_64/include/QtNetwork",
		"C:/msys64/mingw64/include/c++/13.2.0",
		"C:/msys64/mingw64/include/c++/13.2.0/x86_64-w64-mingw32",
		"C:/msys64/mingw64/include/c++/13.2.0/backward",
		"C:/msys64/mingw64/lib/gcc/x86_64-w64-mingw32/13.2.0/include",
		"C:/msys64/mingw64/include",
		"C:/msys64/mingw64/lib/gcc/x86_64-w64-mingw32/13.2.0/include-fixed"
	],
	"MOC_MACRO_NAMES" : 
	[
		"Q_OBJECT",
		"Q_GADGET",
		"Q_NAMESPACE",
		"Q_NAMESPACE_EXPORT",
		"Q_GADGET_EXPORT"
	],
	"MOC_OPTIONS" : [ "-Muri=org.wangwenx190.FramelessHelper" ],
	"MOC_PATH_PREFIX" : false,
	"MOC_PREDEFS_CMD" : 
	[
		"C:/msys64/mingw64/bin/c++.exe",
		"-dM",
		"-E",
		"-c",
		"C:/Program Files/CMake/share/cmake-3.20/Modules/CMakeCXXCompilerABI.cpp"
	],
	"MOC_PREDEFS_FILE" : "C:/Users/18604/Documents/framelesshelpers/framelesshelperBuild/src/quick/FramelessHelperQuickplugin_autogen/moc_predefs.h",
	"MOC_RELAXED_MODE" : false,
	"MOC_SKIP" : 
	[
		"C:/Users/18604/Documents/framelesshelpers/framelesshelperBuild/src/quick/.rcc/qrc_qmake_org_wangwenx190_FramelessHelper.cpp",
		"C:/Users/18604/Documents/framelesshelpers/framelesshelperBuild/src/quick/FramelessHelperQuick_autogen/mocs_compilation.cpp",
		"C:/Users/18604/Documents/framelesshelpers/framelesshelperBuild/src/quick/framelesshelperquick_qmltyperegistrations.cpp"
	],
	"MULTI_CONFIG" : false,
	"PARALLEL" : 16,
	"PARSE_CACHE_FILE" : "C:/Users/18604/Documents/framelesshelpers/framelesshelperBuild/src/quick/CMakeFiles/FramelessHelperQuickplugin_autogen.dir/ParseCache.txt",
	"QT_MOC_EXECUTABLE" : "C:/Qt/6.5.2/mingw_64/./bin/moc.exe",
	"QT_UIC_EXECUTABLE" : "C:/Qt/6.5.2/mingw_64/./bin/uic.exe",
	"QT_VERSION_MAJOR" : 6,
	"QT_VERSION_MINOR" : 5,
	"SETTINGS_FILE" : "C:/Users/18604/Documents/framelesshelpers/framelesshelperBuild/src/quick/CMakeFiles/FramelessHelperQuickplugin_autogen.dir/AutogenUsed.txt",
	"SOURCES" : 
	[
		[
			"C:/Users/18604/Documents/framelesshelpers/framelesshelperBuild/src/quick/FramelessHelperQuickplugin_org_wangwenx190_FramelessHelperPlugin.cpp",
			"MU",
			null
		]
	],
	"UIC_OPTIONS" : [],
	"UIC_SEARCH_PATHS" : [],
	"UIC_SKIP" : 
	[
		"C:/Users/18604/Documents/framelesshelpers/framelesshelperBuild/src/quick/.rcc/qrc_qmake_org_wangwenx190_FramelessHelper.cpp",
		"C:/Users/18604/Documents/framelesshelpers/framelesshelperBuild/src/quick/FramelessHelperQuick_autogen/mocs_compilation.cpp",
		"C:/Users/18604/Documents/framelesshelpers/framelesshelperBuild/src/quick/framelesshelperquick_qmltyperegistrations.cpp"
	],
	"UIC_UI_FILES" : [],
	"VERBOSITY" : 0
}
