{
    "classes": [
        {
            "className": "QuickWindowBorderPrivate",
            "object": true,
            "qualifiedClassName": "wangwenx190::FramelessHelper::QuickWindowBorderPrivate",
            "slots": [
                {
                    "access": "public",
                    "name": "update",
                    "returnType": "void"
                }
            ],
            "superClasses": [
                {
                    "access": "public",
                    "name": "QObject"
                }
            ]
        }
    ],
    "inputFile": "quickwindowborder_p.h",
    "outputRevision": 68
}
