{
    "classes": [
        {
            "classInfos": [
                {
                    "name": "QML.Element",
                    "value": "FramelessApplicationWindow"
                }
            ],
            "className": "FramelessQuickApplicationWindow",
            "object": true,
            "properties": [
                {
                    "constant": false,
                    "designable": true,
                    "final": true,
                    "index": 0,
                    "name": "hidden",
                    "notify": "hiddenChanged",
                    "read": "isHidden",
                    "required": false,
                    "scriptable": true,
                    "stored": true,
                    "type": "bool",
                    "user": false
                },
                {
                    "constant": false,
                    "designable": true,
                    "final": true,
                    "index": 1,
                    "name": "normal",
                    "notify": "normalChanged",
                    "read": "isNormal",
                    "required": false,
                    "scriptable": true,
                    "stored": true,
                    "type": "bool",
                    "user": false
                },
                {
                    "constant": false,
                    "designable": true,
                    "final": true,
                    "index": 2,
                    "name": "minimized",
                    "notify": "minimizedChanged",
                    "read": "isMinimized",
                    "required": false,
                    "scriptable": true,
                    "stored": true,
                    "type": "bool",
                    "user": false
                },
                {
                    "constant": false,
                    "designable": true,
                    "final": true,
                    "index": 3,
                    "name": "maximized",
                    "notify": "maximizedChanged",
                    "read": "isMaximized",
                    "required": false,
                    "scriptable": true,
                    "stored": true,
                    "type": "bool",
                    "user": false
                },
                {
                    "constant": false,
                    "designable": true,
                    "final": true,
                    "index": 4,
                    "name": "zoomed",
                    "notify": "zoomedChanged",
                    "read": "isZoomed",
                    "required": false,
                    "scriptable": true,
                    "stored": true,
                    "type": "bool",
                    "user": false
                },
                {
                    "constant": false,
                    "designable": true,
                    "final": true,
                    "index": 5,
                    "name": "fullScreen",
                    "notify": "fullScreenChanged",
                    "read": "isFullScreen",
                    "required": false,
                    "scriptable": true,
                    "stored": true,
                    "type": "bool",
                    "user": false
                }
            ],
            "qualifiedClassName": "wangwenx190::FramelessHelper::FramelessQuickApplicationWindow",
            "signals": [
                {
                    "access": "public",
                    "name": "hiddenChanged",
                    "returnType": "void"
                },
                {
                    "access": "public",
                    "name": "normalChanged",
                    "returnType": "void"
                },
                {
                    "access": "public",
                    "name": "minimizedChanged",
                    "returnType": "void"
                },
                {
                    "access": "public",
                    "name": "maximizedChanged",
                    "returnType": "void"
                },
                {
                    "access": "public",
                    "name": "zoomedChanged",
                    "returnType": "void"
                },
                {
                    "access": "public",
                    "name": "fullScreenChanged",
                    "returnType": "void"
                }
            ],
            "slots": [
                {
                    "access": "public",
                    "name": "showMinimized2",
                    "returnType": "void"
                },
                {
                    "access": "public",
                    "name": "toggleMaximized",
                    "returnType": "void"
                },
                {
                    "access": "public",
                    "name": "toggleFullScreen",
                    "returnType": "void"
                }
            ],
            "superClasses": [
                {
                    "access": "public",
                    "name": "QQuickApplicationWindow"
                }
            ]
        }
    ],
    "inputFile": "framelessquickapplicationwindow_p.h",
    "outputRevision": 68
}
