{
    "classes": [
        {
            "className": "QuickMicaMaterialPrivate",
            "object": true,
            "qualifiedClassName": "wangwenx190::FramelessHelper::QuickMicaMaterialPrivate",
            "slots": [
                {
                    "access": "public",
                    "name": "rebindWindow",
                    "returnType": "void"
                },
                {
                    "access": "public",
                    "name": "forceRegenerateWallpaperImageCache",
                    "returnType": "void"
                },
                {
                    "access": "public",
                    "arguments": [
                        {
                            "name": "node",
                            "type": "WallpaperImageNode*"
                        }
                    ],
                    "name": "appendNode",
                    "returnType": "void"
                }
            ],
            "superClasses": [
                {
                    "access": "public",
                    "name": "QObject"
                }
            ]
        }
    ],
    "inputFile": "quickmicamaterial_p.h",
    "outputRevision": 68
}
